tool,field,whole_response_tokens,tokens_removed_if_omitted
search_commands,engine,1365,10
search_commands,index,1365,42
search_commands,indexed_commands,1365,5
search_commands,matches,1365,1108
search_commands,low_confidence,1365,6
search_commands,score_meaning,1365,22
search_commands,manual_fallback,1365,170
display_state,snapshot,1865,42
display_state,microversion,1865,21
display_state,tab_id,1865,8
display_state,connected,1865,4
display_state,complete,1865,4
display_state,issues,1865,3
display_state,camera,1865,300
display_state,motion,1865,4
display_state,rpc_pending,1865,5
display_state,data,1865,1464
display_state,total,1865,4
display_state,next_offset,1865,5
element_tree,snapshot,177,39
element_tree,microversion,177,20
element_tree,tree_kind,177,5
element_tree,occurrences_complete,177,6
element_tree,sidebar_complete,177,5
element_tree,visibility_complete,177,5
element_tree,display_snapshot,177,5
element_tree,display_issue,177,5
element_tree,complete,177,4
element_tree,issues,177,18
element_tree,root_id,177,5
element_tree,needs_narrower_pointer,177,8
element_tree,type,177,4
element_tree,total,177,4
element_tree,keys,177,4
element_tree,hint,177,15
element_tree,next,177,23
view_control,target,384,50
view_control,tab_id,384,8
view_control,applied,384,5
view_control,camera,384,300
view_control,microversion,384,20
