kind,initial_limit,rows,calls,fallbacks,tokens,complete
assembly,1,142,142,0,64175,True
assembly,5,142,29,0,46886,True
assembly,10,142,30,1,47061,True
assembly,20,142,31,2,47236,True
assembly,50,142,27,3,46646,True
assembly,100,142,28,4,46821,True
document,1,72,72,0,25069,True
document,5,72,15,0,18400,True
document,10,72,8,0,17581,True
document,20,72,9,1,17720,True
document,50,72,14,3,18349,True
document,100,72,15,4,18488,True
partstudio,1,189,189,0,46143,True
partstudio,5,189,38,0,29533,True
partstudio,10,189,19,0,27443,True
partstudio,20,189,20,1,27575,True
partstudio,50,189,18,2,27377,True
partstudio,100,189,19,3,27509,True
display,1,172,172,0,106801,True
display,5,172,35,0,43233,True
display,10,172,18,0,35345,True
display,20,172,18,0,35345,True
display,50,172,27,0,39521,True
display,100,172,27,0,39521,True
