tool,tokens,cl100k_base,description_tokens,input_schema_tokens,source_line,policy,samples,modes,response_min,response_p50,response_p95,response_max,pointer_fallbacks
resolve_target,163,158,73,52,57,Direct JSON; tab candidate count is not globally token-capped.,77,['executed-local'],197,208,209,210,0
search_commands,191,183,57,96,70,1–10 matches; repeated manual fallback + per-match invocation metadata; no character cap.,20,['executed-local'],644,1362,1456,1466,0
browse_commands,215,206,56,121,76,1–100 matches (default 10); repeated manual procedure; no character cap.,32,['executed-local'],246,1111,9343,9793,0
document_tree,201,194,61,102,83,"Store.page: 7,000-character data check, default 20 rows; metadata outside cap.",74,['cached-production-formatter'],127,140,2574,2681,43
element_tree,196,188,56,102,89,"Store.page: 7,000-character data check, default 20 rows; metadata outside cap.",70,['cached-production-formatter'],132,1210,1462,1603,32
document_history,166,161,56,72,95,Default 20 scanned events; character paging and history metadata; not a token cap.,0,[],,,,,0
document_edit,299,284,82,179,101,Direct verified result + refreshed hierarchy; no universal total token cap.,0,[],,,,,0
sidebar_edit,365,348,80,247,114,Direct verified result + refreshed hierarchy; no universal total token cap.,0,[],,,,,0
api_catalog,104,101,27,39,127,"Search: 10 summaries, 180 characters each. Schema: Store.response, 7,000-character data check.",27,['executed-local'],26,251,636,740,0
api_read,200,189,29,133,134,"Store.response; default 20 entries, 7,000-character data check, metadata outside cap.",220,['cached-production-formatter'],138,175,1395,2705,176
artifact_page,140,134,30,72,145,"Store.page; default 20 entries, 7,000-character data check; zero remote calls.",630,['cached-production-formatter'],14,76,1903,2586,284
inspect_model,143,137,37,68,152,"9,000-character precheck, then replaces large collections with retrieval hints; not token based.",154,['cached-response-reconstruction'],62,120,1252,2393,0
evaluate,280,266,58,185,158,Store.response; nested evaluation results may require a narrower pointer.,61,['cached-production-formatter'],143,181,1224,2385,7
feature_template,138,132,43,57,186,Store.response; nested parameter specifications may require a narrower pointer.,20,['cached-production-formatter'],141,152,976,984,18
feature,167,160,57,73,193,1–20 edits; one acknowledgement/artifact per completed feature; no total token cap.,6,['recorded-response'],122,122,124,125,0
api_write,183,176,44,101,199,Store.response; raw response paged after write.,86,['cached-production-formatter'],159,422,2048,2193,37
sidebar_prepare,244,232,43,163,206,Direct plan instructions and geometry baseline; no global output cap.,0,[],,,,,0
sidebar_verify,151,149,47,66,219,"Store.response; observation may be up to 4,000 characters.",0,[],,,,,0
render_views,181,173,40,103,236,1–4 images in one contact sheet + metadata; image token cost is client/model dependent.,0,[],,,,,0
bridge_status,68,66,15,15,283,Direct health + all Onshape tab metadata; no global token cap.,0,[],,,,,0
native_catalog,106,104,42,26,292,Store.response; large nested defaults/examples may trigger pointer fallback.,7,['executed-local'],124,327,811,975,2
native_state,124,119,31,55,305,Store.response; nested model tree may trigger pointer fallback.,17,['cached-production-formatter'],149,154,1162,1164,13
native_schema,134,128,28,68,312,Store.response; nested defaults may trigger pointer fallback.,8,['cached-production-formatter'],167,202,372,421,0
native_read,164,156,28,97,319,"Store.response; bounded data, artifact metadata outside cap.",0,[],,,,,0
native_write,193,185,50,105,328,"Store.response; bounded data, artifact metadata outside cap.",38,['cached-production-formatter'],144,952,2144,2316,3
api_upload,236,223,54,144,338,Store.response; upload byte limit is not a response token limit.,0,[],,,,,0
open_document,107,104,40,29,367,Direct tab/open acknowledgement; no global token cap.,0,[],,,,,0
ui_inspect,131,126,36,56,373,Store.response; control metadata paged.,0,[],,,,,0
ui_action,257,245,56,163,380,Direct action acknowledgement/error; no global token cap.,0,[],,,,,0
api_request,235,224,52,145,389,Store.response for JSON; binary output is a file artifact.,0,[],,,,,0
display_state,207,199,71,98,404,"Halves page size until data fits 7,000 characters; repeats full camera and metadata on every page.",18,['cached-production-formatter'],1787,1865,1917,1924,0
set_visibility,338,324,83,217,414,1–100 changes; first 5 readback checks via Store.response + snapshot and guidance.,4,['cached-response-reconstruction'],281,452,622,624,0
mate_animation,486,465,115,333,425,"Direct session/status with target, angle explanation and verification on every call.",6,['recorded-response'],164,177,178,178,0
view_control,432,411,123,271,440,Direct full camera arrays and target on every action/read.,3,['recorded-response'],267,273,373,384,0
capture_viewport,184,176,71,74,457,Full camera/target/file metadata plus inline image; image cost excluded from text tokenizer.,1,['recorded-response'],437,437,437,437,0
