tool,variant,samples,median,p95,min,max,pointer_fallbacks
api_catalog,schema,7,571,710,267,740,0
api_catalog,search,20,235,271,26,275,0
api_read,assembly-definition,73,154,164,143,167,73
api_read,features,100,180,611,167,2015,92
api_read,mass/topology,47,748,2685,138,2705,11
api_write,feature-response,86,422,2048,159,2193,37
artifact_page,root-default20,630,76,1903,14,2586,284
browse_commands,all;limit=1,1,269,269,269,269,0
browse_commands,all;limit=10,1,1121,1121,1121,1121,0
browse_commands,all;limit=100,1,9793,9793,9793,9793,0
browse_commands,default10,20,1118,1180,310,1213,0
browse_commands,native;limit=1,1,269,269,269,269,0
browse_commands,native;limit=10,1,1121,1121,1121,1121,0
browse_commands,native;limit=100,1,9793,9793,9793,9793,0
browse_commands,rest;limit=1,1,269,269,269,269,0
browse_commands,rest;limit=10,1,1048,1048,1048,1048,0
browse_commands,rest;limit=100,1,8975,8975,8975,8975,0
browse_commands,tool;limit=1,1,246,246,246,246,0
browse_commands,tool;limit=10,1,877,877,877,877,0
browse_commands,tool;limit=100,1,2667,2667,2667,2667,0
capture_viewport,text-only;image-excluded,1,437,437,437,437,0
display_state,default20,18,1865,1917,1787,1924,0
document_tree,document;default20,74,140,2574,127,2681,43
element_tree,assembly;default20,28,177,181,170,1239,27
element_tree,partstudio;default20,42,1325,1585,132,1603,5
evaluate,evaluation,61,181,1224,143,2385,7
feature,batch,6,122,124,122,125,0
feature_template,template,20,152,976,141,984,18
inspect_model,full,77,260,1264,163,2393,0
inspect_model,unchanged,77,70,75,62,77,0
mate_animation,prepare,1,164,164,164,164,0
mate_animation,restore,1,165,165,165,165,0
mate_animation,start,1,177,177,177,177,0
mate_animation,status,1,177,177,177,177,0
mate_animation,step,1,178,178,178,178,0
mate_animation,stop,1,178,178,178,178,0
native_catalog,search,7,327,811,124,975,2
native_schema,message-defaults,8,202,372,167,421,0
native_state,native-tree,17,154,1162,149,1164,13
native_write,native-response,38,952,2144,144,2316,3
resolve_target,explicit-url,77,208,209,197,210,0
search_commands,top10,20,1362,1456,644,1466,0
set_visibility,verified-batch,4,452,622,281,624,0
view_control,restore,1,384,384,384,384,0
view_control,standard,1,273,273,273,273,0
view_control,zoom,1,267,267,267,267,0
