tool,calls,replayed,before,after,saved,percent
api_write,120,117,64700,19949,44751,69.17
api_read,171,165,42157,24173,17984,42.66
api_catalog,112,91,42245,32833,9412,22.28
search_commands,13,13,9059,4618,4441,49.02
element_tree,26,25,6090,5236,854,14.02
resolve_target,18,0,3649,3649,0,0.0
inspect_model,42,0,19509,19509,0,0.0
evaluate,42,0,18692,18692,0,0.0
render_views,4,0,320,320,0,0.0
feature_template,14,0,1864,1864,0,0.0
bridge_status,2,0,553,553,0,0.0
feature,12,0,1552,1552,0,0.0
sidebar_edit,1,0,239,239,0,0.0
document_edit,1,0,163,163,0,0.0
native_state,13,0,4771,4771,0,0.0
native_catalog,4,0,2718,2718,0,0.0
native_schema,2,0,432,432,0,0.0
open_document,4,0,355,355,0,0.0
document_tree,23,23,13078,16114,-3036,-23.21
artifact_page,41,39,19472,23240,-3768,-19.35
