tool,field,calls
api_catalog,schema,91
api_catalog,search,21
api_read,limit,144
api_read,operation,171
api_read,path,171
api_read,query,88
api_write,body,117
api_write,operation,120
api_write,path,120
artifact_page,artifact,41
artifact_page,limit,30
artifact_page,offset,25
artifact_page,pointer,39
document_edit,action,1
document_edit,node_id,1
document_edit,parent_id,1
document_edit,snapshot,1
document_tree,limit,21
document_tree,offset,5
document_tree,parent_id,1
document_tree,recursive,1
document_tree,snapshot,8
document_tree,url,23
element_tree,limit,26
element_tree,offset,2
element_tree,snapshot,2
element_tree,url,26
evaluate,expected_count,9
evaluate,expression,14
evaluate,limit,5
evaluate,metrics,1
evaluate,preset,42
evaluate,script,28
evaluate,snapshot,42
feature,action,12
feature,changes,12
feature,snapshot,12
feature_template,feature_type,14
feature_template,namespace,1
feature_template,snapshot,14
inspect_model,geometry,3
inspect_model,previous,10
inspect_model,url,42
native_catalog,search,4
native_schema,name,2
native_schema,tab_id,1
native_schema,url,2
native_state,tab_id,1
native_state,url,13
open_document,url,4
render_views,size,4
render_views,snapshot,4
render_views,views,4
resolve_target,url,15
search_commands,limit,12
search_commands,read_only,1
search_commands,source,5
search_commands,task,13
sidebar_edit,action,1
sidebar_edit,name,1
sidebar_edit,node_ids,1
sidebar_edit,snapshot,1
