thread,tool,calls,share_native_calls_percent,responses_measured,missing_responses,response_tokens,mean_response_tokens,argument_tokens,projected_response_tokens,explicit_errors,pointer_fallbacks,images
thread-1,api_catalog,27,16.27,27,0,8098,299.9,214,6754,0,0,0
thread-1,api_read,12,7.23,12,0,2502,208.5,864,1920,2,1,0
thread-1,api_request,0,0.0,0,0,0,,0,0,0,0,0
thread-1,api_upload,0,0.0,0,0,0,,0,0,0,0,0
thread-1,api_write,11,6.63,11,0,6287,571.5,4789,4283,0,0,0
thread-1,artifact_page,28,16.87,28,0,16867,602.4,1462,5574,1,1,0
thread-1,bridge_status,1,0.6,1,0,97,97,1,97,0,0,0
thread-1,browse_commands,0,0.0,0,0,0,,0,0,0,0,0
thread-1,capture_viewport,0,0.0,0,0,0,,0,0,0,0,0
thread-1,display_state,0,0.0,0,0,0,,0,0,0,0,0
thread-1,document_edit,1,0.6,1,0,163,163,88,163,0,0,0
thread-1,document_history,0,0.0,0,0,0,,0,0,0,0,0
thread-1,document_tree,6,3.61,6,0,1136,189.3,445,889,0,2,0
thread-1,element_tree,16,9.64,16,0,3429,214.3,1048,2510,1,0,0
thread-1,evaluate,18,10.84,18,0,8120,451.1,2401,7165,1,2,0
thread-1,feature,5,3.01,5,0,632,126.4,3155,632,0,0,0
thread-1,feature_template,5,3.01,5,0,490,98,268,490,2,3,0
thread-1,inspect_model,16,9.64,16,0,14637,914.8,1318,13673,0,0,0
thread-1,mate_animation,0,0.0,0,0,0,,0,0,0,0,0
thread-1,native_catalog,3,1.81,3,0,2074,691.3,16,1881,0,0,0
thread-1,native_read,0,0.0,0,0,0,,0,0,0,0,0
thread-1,native_schema,1,0.6,1,0,179,179,68,113,0,0,0
thread-1,native_state,1,0.6,1,0,1032,1032,55,968,0,0,0
thread-1,native_write,0,0.0,0,0,0,,0,0,0,0,0
thread-1,open_document,0,0.0,0,0,0,,0,0,0,0,0
thread-1,render_views,3,1.81,3,0,220,73.3,159,106,1,0,2
thread-1,resolve_target,7,4.22,7,0,1383,197.6,279,1383,0,0,0
thread-1,search_commands,4,2.41,4,0,3340,835,75,1516,0,0,0
thread-1,set_visibility,0,0.0,0,0,0,,0,0,0,0,0
thread-1,sidebar_edit,1,0.6,1,0,239,239,108,239,0,0,0
thread-1,sidebar_prepare,0,0.0,0,0,0,,0,0,0,0,0
thread-1,sidebar_verify,0,0.0,0,0,0,,0,0,0,0,0
thread-1,ui_action,0,0.0,0,0,0,,0,0,0,0,0
thread-1,ui_inspect,0,0.0,0,0,0,,0,0,0,0,0
thread-1,view_control,0,0.0,0,0,0,,0,0,0,0,0
thread-2,api_catalog,85,17.03,85,0,34147,401.7,691,24981,0,0,0
thread-2,api_read,159,31.86,159,0,39655,249.4,12268,35525,4,91,0
thread-2,api_request,0,0.0,0,0,0,,0,0,0,0,0
thread-2,api_upload,0,0.0,0,0,0,,0,0,0,0,0
thread-2,api_write,109,21.84,109,0,58413,535.9,58738,15304,3,9,0
thread-2,artifact_page,13,2.61,13,0,2605,200.4,615,2605,1,3,0
thread-2,bridge_status,1,0.2,1,0,456,456,1,456,0,0,0
thread-2,browse_commands,0,0.0,0,0,0,,0,0,0,0,0
thread-2,capture_viewport,0,0.0,0,0,0,,0,0,0,0,0
thread-2,display_state,0,0.0,0,0,0,,0,0,0,0,0
thread-2,document_edit,0,0.0,0,0,0,,0,0,0,0,0
thread-2,document_history,0,0.0,0,0,0,,0,0,0,0,0
thread-2,document_tree,17,3.41,17,0,11942,702.5,1271,4975,0,5,0
thread-2,element_tree,10,2.0,10,0,2661,266.1,592,1801,0,0,0
thread-2,evaluate,24,4.81,24,0,10572,440.5,2835,9301,1,3,0
thread-2,feature,7,1.4,7,0,920,131.4,4272,920,0,0,0
thread-2,feature_template,9,1.8,9,0,1374,152.7,420,1374,0,9,0
thread-2,inspect_model,26,5.21,26,0,4872,187.4,1458,3797,8,0,0
thread-2,mate_animation,0,0.0,0,0,0,,0,0,0,0,0
thread-2,native_catalog,1,0.2,1,0,644,644,5,578,0,0,0
thread-2,native_read,0,0.0,0,0,0,,0,0,0,0,0
thread-2,native_schema,1,0.2,1,0,253,253,71,191,0,0,0
thread-2,native_state,12,2.4,12,0,3739,311.6,679,3609,0,10,0
thread-2,native_write,0,0.0,0,0,0,,0,0,0,0,0
thread-2,open_document,4,0.8,4,0,355,88.8,223,355,0,0,0
thread-2,render_views,1,0.2,1,0,100,100,53,44,0,0,1
thread-2,resolve_target,11,2.2,11,0,2266,206,556,2266,0,0,0
thread-2,search_commands,9,1.8,9,0,5719,635.4,162,2384,0,0,0
thread-2,set_visibility,0,0.0,0,0,0,,0,0,0,0,0
thread-2,sidebar_edit,0,0.0,0,0,0,,0,0,0,0,0
thread-2,sidebar_prepare,0,0.0,0,0,0,,0,0,0,0,0
thread-2,sidebar_verify,0,0.0,0,0,0,,0,0,0,0,0
thread-2,ui_action,0,0.0,0,0,0,,0,0,0,0,0
thread-2,ui_inspect,0,0.0,0,0,0,,0,0,0,0,0
thread-2,view_control,0,0.0,0,0,0,,0,0,0,0,0
