tool,calls,share_native_calls_percent,responses_measured,missing_responses,response_tokens,mean_response_tokens,argument_tokens,projected_response_tokens,explicit_errors,pointer_fallbacks,images,definition_tokens,observed_text_savings
api_catalog,112,16.84,112,0,42245,377.2,905,31735,0,0,0,104,10510
api_read,171,25.71,171,0,42157,246.5,13132,37445,6,92,0,200,4712
api_request,0,0.0,0,0,0,,0,0,0,0,0,235,0
api_upload,0,0.0,0,0,0,,0,0,0,0,0,236,0
api_write,120,18.05,120,0,64700,539.2,63527,19587,3,9,0,183,45113
artifact_page,41,6.17,41,0,19472,474.9,2077,8179,2,4,0,140,11293
bridge_status,2,0.3,2,0,553,276.5,2,553,0,0,0,68,0
browse_commands,0,0.0,0,0,0,,0,0,0,0,0,215,0
capture_viewport,0,0.0,0,0,0,,0,0,0,0,0,184,0
display_state,0,0.0,0,0,0,,0,0,0,0,0,207,0
document_edit,1,0.15,1,0,163,163,88,163,0,0,0,299,0
document_history,0,0.0,0,0,0,,0,0,0,0,0,166,0
document_tree,23,3.46,23,0,13078,568.6,1716,5864,0,7,0,201,7214
element_tree,26,3.91,26,0,6090,234.2,1640,4311,1,0,0,196,1779
evaluate,42,6.32,42,0,18692,445.0,5236,16466,2,5,0,280,2226
feature,12,1.8,12,0,1552,129.3,7427,1552,0,0,0,167,0
feature_template,14,2.11,14,0,1864,133.1,688,1864,2,12,0,138,0
inspect_model,42,6.32,42,0,19509,464.5,2776,17470,8,0,0,143,2039
mate_animation,0,0.0,0,0,0,,0,0,0,0,0,486,0
native_catalog,4,0.6,4,0,2718,679.5,21,2459,0,0,0,106,259
native_read,0,0.0,0,0,0,,0,0,0,0,0,164,0
native_schema,2,0.3,2,0,432,216,139,304,0,0,0,134,128
native_state,13,1.95,13,0,4771,367,734,4577,0,10,0,124,194
native_write,0,0.0,0,0,0,,0,0,0,0,0,193,0
open_document,4,0.6,4,0,355,88.8,223,355,0,0,0,107,0
render_views,4,0.6,4,0,320,80,212,150,1,0,3,181,170
resolve_target,18,2.71,18,0,3649,202.7,835,3649,0,0,0,163,0
search_commands,13,1.95,13,0,9059,696.8,237,3900,0,0,0,191,5159
set_visibility,0,0.0,0,0,0,,0,0,0,0,0,338,0
sidebar_edit,1,0.15,1,0,239,239,108,239,0,0,0,365,0
sidebar_prepare,0,0.0,0,0,0,,0,0,0,0,0,244,0
sidebar_verify,0,0.0,0,0,0,,0,0,0,0,0,151,0
ui_action,0,0.0,0,0,0,,0,0,0,0,0,257,0
ui_inspect,0,0.0,0,0,0,,0,0,0,0,0,131,0
view_control,0,0.0,0,0,0,,0,0,0,0,0,432,0
