from,to,count
api_write,api_read,79
api_read,api_write,70
api_catalog,api_catalog,53
api_read,api_read,47
artifact_page,artifact_page,32
api_catalog,api_read,21
api_read,api_catalog,21
api_write,api_write,21
api_catalog,api_write,16
resolve_target,document_tree,12
inspect_model,evaluate,11
feature,inspect_model,9
document_tree,document_tree,8
inspect_model,api_catalog,8
api_read,resolve_target,8
document_tree,element_tree,7
api_read,inspect_model,7
evaluate,evaluate,7
evaluate,api_read,6
api_catalog,inspect_model,6
element_tree,api_catalog,6
api_write,native_state,6
evaluate,feature_template,5
api_catalog,evaluate,5
artifact_page,evaluate,5
api_write,element_tree,5
element_tree,api_read,5
document_tree,inspect_model,5
feature_template,evaluate,4
evaluate,api_catalog,4
evaluate,feature,4
api_write,inspect_model,4
api_write,api_catalog,4
evaluate,element_tree,4
native_state,api_catalog,4
native_state,api_write,4
inspect_model,element_tree,3
element_tree,inspect_model,3
evaluate,search_commands,3
feature_template,api_catalog,3
inspect_model,api_write,3
inspect_model,feature_template,3
element_tree,element_tree,3
inspect_model,resolve_target,3
search_commands,api_catalog,3
inspect_model,search_commands,3
api_catalog,feature,3
inspect_model,api_read,3
api_read,evaluate,3
search_commands,api_read,3
api_read,native_state,3
resolve_target,resolve_target,2
render_views,evaluate,2
api_read,feature,2
inspect_model,artifact_page,2
element_tree,evaluate,2
element_tree,search_commands,2
evaluate,api_write,2
resolve_target,search_commands,2
native_state,inspect_model,2
feature,api_catalog,2
api_catalog,element_tree,2
api_read,artifact_page,2
artifact_page,api_write,2
evaluate,inspect_model,2
feature_template,feature_template,2
document_tree,artifact_page,1
artifact_page,inspect_model,1
search_commands,render_views,1
feature_template,bridge_status,1
bridge_status,render_views,1
api_catalog,feature_template,1
api_write,evaluate,1
search_commands,api_write,1
evaluate,render_views,1
render_views,element_tree,1
element_tree,sidebar_edit,1
sidebar_edit,document_tree,1
document_tree,document_edit,1
document_edit,inspect_model,1
document_tree,api_read,1
element_tree,feature_template,1
resolve_target,api_read,1
api_read,element_tree,1
search_commands,native_state,1
inspect_model,native_catalog,1
native_catalog,evaluate,1
evaluate,native_catalog,1
native_catalog,native_schema,1
native_schema,api_catalog,1
api_catalog,native_catalog,1
native_catalog,api_catalog,1
element_tree,resolve_target,1
resolve_target,inspect_model,1
search_commands,artifact_page,1
artifact_page,feature_template,1
feature_template,artifact_page,1
evaluate,artifact_page,1
feature_template,feature,1
search_commands,feature,1
api_catalog,artifact_page,1
feature,api_read,1
inspect_model,inspect_model,1
api_catalog,search_commands,1
api_read,render_views,1
render_views,api_read,1
element_tree,bridge_status,1
bridge_status,api_catalog,1
inspect_model,document_tree,1
search_commands,open_document,1
open_document,api_read,1
native_state,api_read,1
feature_template,api_read,1
native_state,evaluate,1
api_read,feature_template,1
feature_template,native_state,1
api_catalog,open_document,1
open_document,api_catalog,1
native_state,resolve_target,1
evaluate,open_document,1
open_document,search_commands,1
api_catalog,native_state,1
api_read,search_commands,1
api_read,native_schema,1
native_schema,resolve_target,1
api_read,open_document,1
open_document,native_state,1
search_commands,document_tree,1
api_read,native_catalog,1
native_catalog,api_write,1
element_tree,feature,1
