variant,tool,calls,share_native_calls_percent,responses_measured,missing_responses,response_tokens,mean_response_tokens,argument_tokens,projected_response_tokens,explicit_errors,pointer_fallbacks,images
default,resolve_target,18,2.71,18,0,3649,202.7,835,3649,0,0,0
fresh,document_tree,15,2.26,15,0,2566,171.1,893,2027,0,4,0
cached-page,document_tree,8,1.2,8,0,10512,1314,823,3837,0,3,0
pointer:/elements,artifact_page,1,0.15,1,0,14,14,49,14,1,0,0
pointer:root/other,artifact_page,3,0.45,3,0,146,48.7,142,146,0,2,0
pointer:/rows,artifact_page,24,3.61,24,0,16741,697.5,1272,5448,0,0,0
full,inspect_model,32,4.81,32,0,9782,305.7,1805,8349,8,0,0
fresh,element_tree,24,3.61,24,0,5295,220.6,1426,3749,1,0,0
topology,evaluate,5,0.75,5,0,3622,724.4,339,3357,1,0,0
default,search_commands,13,1.95,13,0,9059,696.8,237,3900,0,0,0
default,render_views,4,0.6,4,0,320,80,212,150,1,0,3
custom,evaluate,28,4.21,28,0,13484,481.6,4216,12092,1,5,0
specific-type,feature_template,14,2.11,14,0,1864,133.1,688,1864,2,12,0
default,bridge_status,2,0.3,2,0,553,276.5,2,553,0,0,0
schema:createFeatureStudio,api_catalog,1,0.15,1,0,278,278,7,260,0,0,0
schema:updateFeatureStudioContents,api_catalog,1,0.15,1,0,324,324,8,309,0,0,0
schema:getFeatureStudioContents,api_catalog,1,0.15,1,0,292,292,8,277,0,0,0
schema:BTFeatureStudioContents-2239,api_catalog,1,0.15,1,0,181,181,11,174,0,0,0
schema:BTModelElementParams,api_catalog,2,0.3,2,0,246,123,16,246,0,0,0
getFeatureStudioContents,api_read,3,0.45,3,0,365,121.7,202,235,1,0,0
schema:BTFeatureApiBase-1430,api_catalog,1,0.15,1,0,661,661,11,520,0,0,0
select,evaluate,8,1.2,8,0,1277,159.6,614,775,0,0,0
add,feature,8,1.2,8,0,976,122,7053,976,0,0,0
previous-snapshot,inspect_model,10,1.5,10,0,9727,972.7,971,9121,0,0,0
createFeatureStudio,api_write,1,0.15,1,0,255,255,54,191,0,0,0
updateFeatureStudioContents,api_write,3,0.45,3,0,2579,859.7,2400,2392,0,0,0
schema:getFeatureStudioSpecs,api_catalog,1,0.15,1,0,300,300,8,284,0,0,0
getFeatureStudioSpecs,api_read,2,0.3,2,0,991,495.5,124,865,0,0,0
pointer:/featureState,artifact_page,3,0.45,3,0,93,31,149,93,0,0,0
search,api_catalog,21,3.16,21,0,3214,153.0,137,3214,0,0,0
schema:updatePartStudioFeature,api_catalog,1,0.15,1,0,404,404,8,308,0,0,0
schema:BTFeatureDefinitionCall-1406,api_catalog,5,0.75,5,0,1710,342,55,1005,0,0,0
updatePartStudioFeature,api_write,1,0.15,1,0,322,322,211,224,0,0,0
cached-page,element_tree,2,0.3,2,0,795,397.5,214,562,0,0,0
create_folder,sidebar_edit,1,0.15,1,0,239,239,108,239,0,0,0
move,document_edit,1,0.15,1,0,163,163,88,163,0,0,0
schema:insertTransformedInstances,api_catalog,2,0.3,2,0,602,301,16,578,0,0,0
schema:createInstance,api_catalog,4,0.6,4,0,1148,287,24,1092,0,0,0
schema:modify,api_catalog,1,0.15,1,0,450,450,5,299,0,0,0
schema:BTAssemblyTransformedInstancesDefinitionParams,api_catalog,2,0.3,2,0,280,140,22,280,0,0,0
schema:BTAssemblyModificationParams,api_catalog,1,0.15,1,0,452,452,8,258,0,0,0
schema:BTAssemblyInstanceDefinitionParams,api_catalog,4,0.6,4,0,1068,267,36,1068,0,0,0
schema:TransformGroup,api_catalog,2,0.3,2,0,352,176,12,352,0,0,0
schema:addFeature,api_catalog,4,0.6,4,0,1288,322,24,1228,0,0,0
schema:getFeatures,api_catalog,4,0.6,4,0,2216,554,24,1436,0,0,0
getFeatures,api_read,20,3.01,20,0,3074,153.7,1357,1976,0,3,0
insertTransformedInstances,api_write,2,0.3,2,0,1317,658.5,1826,1188,0,0,0
schema:BTMMateGroup-65,api_catalog,2,0.3,2,0,346,173,20,332,0,0,0
schema:getAssemblyShadedViews,api_catalog,3,0.45,3,0,2379,793,27,1722,0,0,0
addFeature,api_write,24,3.61,24,0,32538,1355.8,21496,5189,0,0,0
getAssemblyShadedViews,api_read,9,1.35,9,0,1159,128.8,1024,1159,1,8,0
edit,feature,4,0.6,4,0,576,144,374,576,0,0,0
schema:deleteFeature,api_catalog,1,0.15,1,0,292,292,6,279,0,0,0
deleteFeature,api_write,2,0.3,2,0,352,176,144,227,0,0,0
default,native_state,13,1.95,13,0,4771,367,734,4577,0,10,0
default,native_catalog,4,0.6,4,0,2718,679.5,21,2459,0,0,0
other/ambiguous,cua_repl.js,18,,17,1,13501,794.2,620,13501,2,0,3
visibility,cua_repl.js,26,,25,1,14327,573.1,1566,14327,1,0,5
default,native_schema,2,0.3,2,0,432,216,139,304,0,0,0
schema:deletePartStudioFeature,api_catalog,1,0.15,1,0,349,349,8,274,0,0,0
deletePartStudioFeature,api_write,1,0.15,1,0,179,179,77,115,0,0,0
motion,cua_repl.js,4,,3,1,1425,475,138,1425,0,0,2
search,onshape_cad.api_catalog,31,,31,0,4361,140.7,201,4361,0,0,0
schema:getDocuments,onshape_cad.api_catalog,1,,1,0,693,693,6,693,0,0,0
getDocuments,onshape_cad.api_read,1,,1,0,1391,1391,21,1391,0,0,0
schema:getElementsInDocument,onshape_cad.api_catalog,4,,4,0,2272,568,32,2272,0,0,0
getElementsInDocument,onshape_cad.api_read,9,,9,0,2365,262.8,526,2365,0,2,0
pointer:root/other,onshape_cad.artifact_page,13,,13,0,1020,78.5,620,1020,0,12,0
full,onshape_cad.inspect_model,58,,58,0,18200,313.8,3320,18200,1,0,0
schema:getFeatureStudioContents,onshape_cad.api_catalog,2,,2,0,598,299,16,598,0,0,0
schema:createFeatureStudio,onshape_cad.api_catalog,1,,1,0,284,284,7,284,0,0,0
schema:createPartStudio,onshape_cad.api_catalog,1,,1,0,306,306,7,306,0,0,0
schema:updateFeatureStudioContents,onshape_cad.api_catalog,3,,3,0,981,327,24,981,0,0,0
schema:getFeatureStudioSpecs,onshape_cad.api_catalog,2,,2,0,602,301,16,602,0,0,0
getFeatureStudioContents,onshape_cad.api_read,18,,18,0,3270,181.7,1322,3270,0,0,0
schema:BTFeatureStudioContents-2239,onshape_cad.api_catalog,3,,3,0,513,171,33,513,0,0,0
schema:BTModelElementParams,onshape_cad.api_catalog,2,,2,0,250,125,16,250,0,0,0
topology,onshape_cad.evaluate,7,,7,0,13258,1894,490,13258,0,0,0
schema:BTFeatureApiBase-1430,onshape_cad.api_catalog,1,,1,0,645,645,11,645,0,0,0
custom,onshape_cad.evaluate,48,,48,0,22767,474.3,14457,22767,0,10,0
schema:getPartStudioFeatureSpecs,onshape_cad.api_catalog,2,,2,0,742,371,18,742,0,0,0
getFeatureStudioSpecs,onshape_cad.api_read,4,,4,0,2474,618.5,292,2474,1,1,0
createPartStudio,onshape_cad.api_write,1,,1,0,241,241,53,241,0,0,0
add,onshape_cad.feature,10,,10,0,1322,132.2,10257,1322,0,0,0
pointer:/featureState,onshape_cad.artifact_page,1,,1,0,31,31,56,31,0,0,0
pointer:/feature_errors,onshape_cad.artifact_page,1,,1,0,14,14,46,14,1,0,0
schema:getFeatureScriptRepresentation,onshape_cad.api_catalog,1,,1,0,622,622,8,622,0,0,0
createFeatureStudio,onshape_cad.api_write,1,,1,0,234,234,53,234,0,0,0
updateFeatureStudioContents,onshape_cad.api_write,18,,18,0,2912,161.8,112333,2912,0,18,0
default,onshape_cad.render_views,6,,6,0,533,88.8,302,533,1,0,5
schema:getPartStudioShadedViews,onshape_cad.api_catalog,3,,3,0,3513,1171,30,3513,0,0,0
previous-snapshot,onshape_cad.inspect_model,5,,5,0,980,196,489,980,0,0,0
getPartStudioShadedViews,onshape_cad.api_read,9,,9,0,1008,112,1376,1008,2,7,0
schema:updateWVEPMetadata,onshape_cad.api_catalog,5,,5,0,4005,801,40,4005,0,0,0
schema:getWMVEPMetadata,onshape_cad.api_catalog,2,,2,0,1860,930,18,1860,0,0,0
getWMVEPMetadata,onshape_cad.api_read,11,,11,0,4289,389.9,958,4289,0,1,0
updateWVEPMetadata,onshape_cad.api_write,92,,92,0,22087,240.1,23627,22087,0,0,0
edit,onshape_cad.feature,1,,1,0,312,312,122,312,0,0,0
schema:getDocumentWorkspaces,onshape_cad.api_catalog,1,,1,0,224,224,8,224,0,0,0
getDocumentWorkspaces,onshape_cad.api_read,1,,1,0,900,900,28,900,0,0,0
select,onshape_cad.evaluate,1,,1,0,153,153,96,153,0,0,0
schema:copyElementFromSourceDocument,onshape_cad.api_catalog,1,,1,0,333,333,9,333,0,0,0
schema:BTCopyElementParams,onshape_cad.api_catalog,1,,1,0,159,159,8,159,0,0,0
copyElementFromSourceDocument,onshape_cad.api_write,1,,1,0,247,247,119,247,0,0,0
schema:updateWVEMetadata,onshape_cad.api_catalog,1,,1,0,379,379,8,379,0,0,0
updateWVEMetadata,onshape_cad.api_write,1,,1,0,196,196,97,196,0,0,0
schema:deleteElement,onshape_cad.api_catalog,1,,1,0,252,252,6,252,0,0,0
schema:createAssembly,onshape_cad.api_catalog,1,,1,0,271,271,6,271,0,0,0
schema:createInstance,onshape_cad.api_catalog,1,,1,0,277,277,6,277,0,0,0
deleteElement,onshape_cad.api_write,68,,68,0,7649,112.5,3813,7649,1,0,0
schema:BTAssemblyInstanceDefinitionParams,onshape_cad.api_catalog,1,,1,0,248,248,9,248,0,0,0
schema:getAssemblyDefinition,onshape_cad.api_catalog,2,,2,0,1272,636,14,1272,0,0,0
schema:insertTransformedInstances,onshape_cad.api_catalog,1,,1,0,306,306,8,306,0,0,0
schema:modify,onshape_cad.api_catalog,1,,1,0,436,436,5,436,0,0,0
schema:BTAssemblyTransformedInstancesDefinitionParams,onshape_cad.api_catalog,1,,1,0,136,136,11,136,0,0,0
schema:BTAssemblyModificationParams,onshape_cad.api_catalog,1,,1,0,444,444,8,444,0,0,0
schema:TransformGroup,onshape_cad.api_catalog,1,,1,0,169,169,6,169,0,0,0
schema:getFeatures,onshape_cad.api_catalog,1,,1,0,558,558,6,558,0,0,0
schema:addFeature,onshape_cad.api_catalog,1,,1,0,334,334,6,334,0,0,0
getFeatures,onshape_cad.api_read,2,,2,0,271,135.5,136,271,0,0,0
schema:BTFeatureDefinitionCall-1406,onshape_cad.api_catalog,1,,1,0,342,342,11,342,0,0,0
schema:BTAssemblyTransformDefinitionParams,onshape_cad.api_catalog,1,,1,0,174,174,9,174,0,0,0
schema:getFeatureSpecs,onshape_cad.api_catalog,1,,1,0,292,292,7,292,0,0,0
getFeatureSpecs,onshape_cad.api_read,1,,1,0,126,126,70,126,0,0,0
schema:GBTInsertableType,onshape_cad.api_catalog,1,,1,0,157,157,8,157,0,0,0
schema:getAssemblyShadedViews,onshape_cad.api_catalog,1,,1,0,802,802,9,802,0,0,0
createAssembly,onshape_cad.api_write,1,,1,0,235,235,50,235,0,0,0
createInstance,onshape_cad.api_write,1,,1,0,114,114,112,114,0,0,0
getAssemblyDefinition,onshape_cad.api_read,3,,3,0,338,112.7,212,338,1,2,0
addFeature,onshape_cad.api_write,2,,2,0,193,96.5,4017,193,1,1,0
getAssemblyShadedViews,onshape_cad.api_read,1,,1,0,131,131,104,131,0,1,0
schema:getDocumentContents,onshape_cad.api_catalog,1,,1,0,558,558,7,558,0,0,0
getDocumentContents,onshape_cad.api_read,1,,1,0,148,148,52,148,0,1,0
schema:getPartStudioMassProperties,onshape_cad.api_catalog,1,,1,0,817,817,9,817,0,0,0
getPartStudioMassProperties,onshape_cad.api_read,6,,6,0,1472,245.3,577,1472,0,1,0
schema:BTMetadataPropertyUpdateParams,onshape_cad.api_catalog,1,,1,0,160,160,9,160,0,0,0
schema:exportStl,onshape_cad.api_catalog,1,,1,0,634,634,7,634,0,0,0
exportStl,onshape_cad.api_read,1,,1,0,23,23,85,23,1,0,0
schema:createPartStudioTranslation,onshape_cad.api_catalog,1,,1,0,532,532,8,532,0,0,0
schema:BTTranslateFormatParams,onshape_cad.api_catalog,1,,1,0,159,159,8,159,0,1,0
schema:downloadExternalData,onshape_cad.api_catalog,1,,1,0,350,350,7,350,0,0,0
schema:getTranslation,onshape_cad.api_catalog,1,,1,0,329,329,6,329,0,0,0
schema:GBTStlEncodingType,onshape_cad.api_catalog,1,,1,0,138,138,9,138,0,0,0
createPartStudioTranslation,onshape_cad.api_write,1,,1,0,297,297,226,297,0,0,0
getTranslation,onshape_cad.api_read,1,,1,0,312,312,29,312,0,0,0
downloadExternalData,onshape_cad.api_read,1,,1,0,104,104,38,104,0,0,0
schema:getWMVEMetadata,onshape_cad.api_catalog,1,,1,0,745,745,9,745,0,0,0
schema:getWMVEPsMetadata,onshape_cad.api_catalog,1,,1,0,771,771,10,771,0,0,0
getWMVEPsMetadata,onshape_cad.api_read,1,,1,0,129,129,82,129,0,0,0
schema:getPartsWMVE,onshape_cad.api_catalog,1,,1,0,541,541,8,541,0,0,0
getPartsWMVE,onshape_cad.api_read,1,,1,0,1144,1144,72,1144,0,0,0
pointer:/features,artifact_page,1,0.15,1,0,37,37,47,37,0,1,0
pointer:/solids,artifact_page,2,0.3,2,0,318,159,98,318,0,0,0
pointer:/parts,artifact_page,1,0.15,1,0,29,29,47,29,0,0,0
pointer:/template,artifact_page,3,0.45,3,0,1873,624.3,130,1873,0,0,0
pointer:/feature,artifact_page,1,0.15,1,0,72,72,48,72,0,1,0
pointer:/feature_errors,artifact_page,1,0.15,1,0,14,14,47,14,1,0,0
schema:updateWVEPMetadata,api_catalog,4,0.6,4,0,3172,793,32,1716,0,0,0
schema:getWMVEPsMetadata,api_catalog,2,0.3,2,0,1550,775,20,822,0,0,0
getWMVEPsMetadata,api_read,11,1.65,11,0,1400,127.3,843,887,0,3,0
schema:getAssemblyDefinition,api_catalog,3,0.45,3,0,1917,639,21,1281,0,0,0
getAssemblyDefinition,api_read,77,11.58,77,0,11760,152.7,5674,11760,1,76,0
updateWVEPMetadata,api_write,28,4.21,28,0,5972,213.3,7275,4412,3,0,0
schema:getPartStudioMassProperties,api_catalog,5,0.75,5,0,4105,821,45,2190,0,0,0
schema:getFeatureSpecs,api_catalog,1,0.15,1,0,292,292,7,277,0,0,0
getPartStudioMassProperties,api_read,18,2.71,18,0,13656,758.7,1628,12545,1,0,0
getFeatureSpecs,api_read,1,0.15,1,0,175,175,63,175,0,1,0
schema:BTMMate-64,api_catalog,1,0.15,1,0,203,203,9,196,0,0,0
schema:BTMIndividualQueryWithOccurrence-811,api_catalog,1,0.15,1,0,220,220,12,213,0,0,0
schema:BTMIndividualQueryWithOccurrenceBase-904,api_catalog,1,0.15,1,0,342,342,13,335,0,0,0
schema:BTMAssemblyFeature-887,api_catalog,1,0.15,1,0,550,550,10,543,0,0,0
createInstance,api_write,21,3.16,21,0,2457,117,2380,1134,0,0,0
schema:BTMFeatureQueryWithOccurrence-157,api_catalog,1,0.15,1,0,247,247,12,240,0,0,0
schema:BTMPartStudioMateConnectorQuery-1324,api_catalog,1,0.15,1,0,170,170,14,163,0,0,0
schema:BTMFeature-134,api_catalog,1,0.15,1,0,642,642,9,429,0,0,0
schema:transformOccurrences,api_catalog,3,0.45,3,0,849,283,18,810,0,0,0
schema:BTAssemblyTransformDefinitionParams,api_catalog,3,0.45,3,0,525,175,27,525,0,0,0
schema:BTOccurrence-74,api_catalog,2,0.3,2,0,458,229,20,444,0,0,0
transformOccurrences,api_write,19,2.86,19,0,2223,117,3714,1026,0,0,0
schema:getAssemblyMassProperties,api_catalog,3,0.45,3,0,1884,628,24,1008,0,0,0
getAssemblyMassProperties,api_read,10,1.5,10,0,3242,324.2,680,2605,0,0,0
schema:updateFeature,api_catalog,2,0.3,2,0,640,320,12,612,0,0,0
updateFeature,api_write,7,1.05,7,0,12458,1779.7,14123,1501,0,1,0
pointer:/featureStates,artifact_page,1,0.15,1,0,135,135,48,135,0,0,0
schema:getPartsWMV,api_catalog,2,0.3,2,0,1152,576,16,780,0,0,0
schema:getInsertables,api_catalog,1,0.15,1,0,921,921,7,853,0,0,0
getInsertables,api_read,1,0.15,1,0,173,173,53,173,0,1,0
schema:createPartStudio,api_catalog,1,0.15,1,0,301,301,7,256,0,0,0
createPartStudio,api_write,1,0.15,1,0,268,268,59,201,0,0,0
default,open_document,4,0.6,4,0,355,88.8,223,355,0,0,0
schema:addPartStudioFeature,api_catalog,1,0.15,1,0,384,384,8,320,0,0,0
schema:getPartStudioBodyDetails,api_catalog,2,0.3,2,0,1584,792,18,936,0,0,0
addPartStudioFeature,api_write,10,1.5,10,0,3780,378,9768,1787,0,8,0
getPartsWMV,api_read,7,1.05,7,0,4616,659.4,511,4292,2,0,0
getPartStudioBodyDetails,api_read,9,1.35,9,0,1164,129.3,734,583,0,0,0
schema:BTAssemblyInsertTransformedInstancesResponse,api_catalog,1,0.15,1,0,170,170,11,170,0,0,0
schema:BTMParameterQueryWithOccurrenceList-67,api_catalog,1,0.15,1,0,218,218,13,211,0,0,0
schema:BTMIndividualOccurrenceQuery-626,api_catalog,1,0.15,1,0,177,177,11,170,0,0,0
schema:getPartStudioFeatures,api_catalog,1,0.15,1,0,740,740,8,440,0,0,0
getPartStudioFeatures,api_read,3,0.45,3,0,382,127.3,239,190,0,0,0
measure,evaluate,1,0.15,1,0,309,309,67,242,0,0,0
