thread,call,source_line,tool,variant,provenance,replayed,before,after,saved,argument_tokens,detail_calls,detail_response_tokens,detail_argument_tokens
1,1,24,resolve_target,default,unchanged tool,False,139,139,0,1,0,0,0
1,2,75,resolve_target,default,unchanged tool,False,208,208,0,57,0,0,0
1,3,89,document_tree,fresh,verified cache,True,132,1928,-1796,57,7,16503,371
1,4,103,document_tree,cached-page,verified cache,True,132,1407,-1275,100,7,16503,371
1,5,125,document_tree,cached-page,verified cache,True,338,303,35,100,7,16503,371
1,6,141,artifact_page,pointer:/elements,error or non-JSON response,False,14,14,0,49,0,0,0
1,7,155,artifact_page,pointer:root/other,verified cache,True,25,25,0,44,0,0,0
1,8,170,artifact_page,pointer:root/other,verified cache,True,56,148,-92,48,0,0,0
1,9,186,artifact_page,pointer:/rows,verified cache,True,242,242,0,53,0,0,0
1,10,203,artifact_page,pointer:/rows,verified cache,True,650,650,0,53,0,0,0
1,11,220,artifact_page,pointer:/rows,verified cache,True,648,648,0,53,0,0,0
1,12,237,artifact_page,pointer:/rows,verified cache,True,816,816,0,53,0,0,0
1,13,254,artifact_page,pointer:/rows,verified cache,True,637,637,0,53,0,0,0
1,14,271,artifact_page,pointer:/rows,verified cache,True,853,853,0,53,0,0,0
1,15,288,artifact_page,pointer:/rows,verified cache,True,659,659,0,53,0,0,0
1,16,305,artifact_page,pointer:/rows,verified cache,True,807,807,0,53,0,0,0
1,17,322,artifact_page,pointer:/rows,verified cache,True,493,493,0,53,0,0,0
1,18,339,artifact_page,pointer:/rows,verified cache,True,883,883,0,53,0,0,0
1,19,356,artifact_page,pointer:/rows,verified cache,True,833,833,0,53,0,0,0
1,20,373,artifact_page,pointer:/rows,verified cache,True,815,815,0,53,0,0,0
1,21,390,artifact_page,pointer:/rows,verified cache,True,616,616,0,53,0,0,0
1,22,407,artifact_page,pointer:/rows,verified cache,True,490,490,0,53,0,0,0
1,23,424,artifact_page,pointer:/rows,verified cache,True,726,726,0,53,0,0,0
1,24,441,artifact_page,pointer:/rows,verified cache,True,867,867,0,53,0,0,0
1,25,458,artifact_page,pointer:/rows,verified cache,True,883,883,0,53,0,0,0
1,26,475,artifact_page,pointer:/rows,verified cache,True,703,703,0,53,0,0,0
1,27,492,artifact_page,pointer:/rows,verified cache,True,843,843,0,53,0,0,0
1,28,509,artifact_page,pointer:/rows,verified cache,True,621,621,0,53,0,0,0
1,29,526,artifact_page,pointer:/rows,verified cache,True,804,804,0,53,0,0,0
1,30,543,artifact_page,pointer:/rows,verified cache,True,797,797,0,53,0,0,0
1,31,560,artifact_page,pointer:/rows,verified cache,True,555,555,0,53,0,0,0
1,32,577,artifact_page,pointer:/rows,verified cache,True,500,500,0,53,0,0,0
1,33,594,inspect_model,full,unchanged tool,False,251,251,0,57,0,0,0
1,34,608,element_tree,fresh,verified cache,True,377,298,79,61,11,24924,605
1,35,650,inspect_model,full,unchanged tool,False,2393,2393,0,55,0,0,0
1,36,664,evaluate,topology,unchanged tool,False,634,634,0,69,0,0,0
1,37,681,search_commands,default,exported discovery,True,1411,997,414,16,1,1422,49
1,38,695,render_views,default,error or non-JSON response,False,17,17,0,54,0,0,0
1,39,712,evaluate,custom,error or non-JSON response,False,18,18,0,145,0,0,0
1,40,726,feature_template,specific-type,error or non-JSON response,False,19,19,0,47,0,0,0
1,41,739,bridge_status,default,unchanged tool,False,97,97,0,1,0,0,0
1,42,751,render_views,default,unchanged tool,False,97,97,0,54,0,0,0
1,43,772,evaluate,custom,unchanged tool,False,923,923,0,145,0,0,0
1,44,788,feature_template,specific-type,unchanged tool,False,154,154,0,47,0,0,0
1,45,803,evaluate,topology,unchanged tool,False,1274,1274,0,70,0,0,0
1,46,831,api_catalog,schema:createFeatureStudio,verified cache,True,278,187,91,7,1,51,54
1,47,845,api_catalog,schema:updateFeatureStudioContents,verified cache,True,324,231,93,8,1,54,53
1,48,859,api_catalog,schema:getFeatureStudioContents,verified cache,True,292,198,94,8,1,54,53
1,49,873,feature_template,specific-type,unchanged tool,False,143,143,0,46,0,0,0
1,50,894,api_catalog,schema:BTFeatureStudioContents-2239,verified cache,True,181,117,64,11,0,0,0
1,51,908,api_catalog,schema:BTModelElementParams,verified cache,True,123,63,60,8,0,0,0
1,52,922,api_read,getFeatureStudioContents,error or non-JSON response,False,22,22,0,69,0,0,0
1,53,941,api_read,getFeatureStudioContents,verified cache,True,131,66,65,71,0,0,0
1,54,962,api_catalog,schema:BTFeatureApiBase-1430,verified cache,True,661,595,66,11,0,0,0
1,55,988,evaluate,select,unchanged tool,False,159,159,0,61,0,0,0
1,56,1022,feature,add,unchanged tool,False,130,130,0,609,0,0,0
1,57,1164,inspect_model,previous-snapshot,unchanged tool,False,209,209,0,97,0,0,0
1,58,1179,evaluate,select,unchanged tool,False,177,177,0,78,0,0,0
1,59,1208,feature,add,unchanged tool,False,147,147,0,962,0,0,0
1,60,1438,inspect_model,previous-snapshot,unchanged tool,False,220,220,0,95,0,0,0
1,61,1453,api_write,createFeatureStudio,verified cache,True,255,191,64,54,0,0,0
1,62,1474,evaluate,select,unchanged tool,False,155,155,0,84,0,0,0
1,63,1491,api_read,getFeatureStudioContents,verified cache,True,212,147,65,62,0,0,0
1,64,1517,api_write,updateFeatureStudioContents,verified cache,True,853,791,62,795,0,0,0
1,65,1544,api_write,updateFeatureStudioContents,verified cache,True,854,793,61,794,0,0,0
1,66,1571,inspect_model,previous-snapshot,unchanged tool,False,2813,2813,0,100,0,0,0
1,67,1586,feature_template,specific-type,error or non-JSON response,False,23,23,0,84,0,0,0
1,68,1600,api_catalog,schema:getFeatureStudioSpecs,verified cache,True,300,205,95,8,1,53,56
1,69,1614,api_read,getFeatureStudioSpecs,verified cache,True,509,445,64,62,0,0,0
1,70,1634,feature,add,unchanged tool,False,116,116,0,125,0,0,0
1,71,1659,inspect_model,previous-snapshot,unchanged tool,False,218,218,0,101,0,0,0
1,72,1674,artifact_page,pointer:/featureState,verified cache,True,31,31,0,49,0,0,0
1,73,1689,evaluate,custom,unchanged tool,False,151,151,0,83,0,0,0
1,74,1705,search_commands,default,exported discovery,True,601,343,258,19,1,612,51
1,75,1721,api_write,updateFeatureStudioContents,verified cache,True,872,808,64,811,0,0,0
1,76,1748,api_catalog,search,unchanged tool,False,50,50,0,8,0,0,0
1,77,1762,api_read,getFeatureStudioSpecs,verified cache,True,482,420,62,62,0,0,0
1,78,1782,api_catalog,schema:updatePartStudioFeature,verified cache,True,404,311,93,8,1,54,51
1,79,1796,api_catalog,schema:BTFeatureDefinitionCall-1406,verified cache,True,342,277,65,11,0,0,0
1,80,1810,api_write,updatePartStudioFeature,verified cache,True,322,177,145,211,1,135,55
1,81,1845,inspect_model,previous-snapshot,unchanged tool,False,210,210,0,98,0,0,0
1,82,1860,evaluate,custom,unchanged tool,False,147,147,0,389,0,0,0
1,83,1876,render_views,default,unchanged tool,False,106,106,0,51,0,0,0
1,84,1915,element_tree,fresh,error or non-JSON response,False,19,19,0,61,0,0,0
1,85,1934,element_tree,fresh,verified cache,True,137,171,-34,61,11,25331,616
1,86,1949,evaluate,custom,unchanged tool,False,969,969,0,143,0,0,0
1,87,1965,element_tree,cached-page,verified cache,True,307,289,18,107,11,25331,616
1,88,1982,evaluate,custom,unchanged tool,False,241,241,0,146,0,0,0
1,89,1998,element_tree,cached-page,verified cache,True,488,429,59,107,11,25331,616
1,90,2015,sidebar_edit,create_folder,unchanged tool,False,239,239,0,108,0,0,0
1,91,2036,document_tree,fresh,verified cache,True,195,213,-18,70,7,16884,427
1,92,2053,document_edit,move,unchanged tool,False,163,163,0,88,0,0,0
1,93,2070,inspect_model,previous-snapshot,unchanged tool,False,2911,2911,0,95,0,0,0
1,94,2104,resolve_target,default,unchanged tool,False,203,203,0,55,0,0,0
1,95,2118,document_tree,fresh,verified cache,True,171,193,-22,59,7,16743,420
1,96,2133,element_tree,fresh,verified cache,True,156,200,-44,59,17,38602,867
1,97,2148,search_commands,default,exported discovery,True,704,420,284,21,1,715,52
1,98,2173,api_catalog,schema:insertTransformedInstances,verified cache,True,301,209,92,8,1,54,53
1,99,2187,api_catalog,schema:createInstance,verified cache,True,287,203,84,6,1,42,55
1,100,2201,api_catalog,schema:modify,verified cache,True,450,361,89,5,1,42,59
1,101,2215,api_catalog,schema:BTAssemblyTransformedInstancesDefinitionParams,verified cache,True,140,79,61,11,0,0,0
1,102,2229,api_catalog,schema:BTAssemblyModificationParams,verified cache,True,452,387,65,8,0,0,0
1,103,2243,api_catalog,schema:BTAssemblyInstanceDefinitionParams,verified cache,True,267,204,63,9,0,0,0
1,104,2266,api_catalog,schema:TransformGroup,verified cache,True,176,107,69,6,0,0,0
1,105,2280,api_catalog,search,unchanged tool,False,240,240,0,6,0,0,0
1,106,2294,inspect_model,previous-snapshot,unchanged tool,False,209,209,0,97,0,0,0
1,107,2309,api_catalog,schema:addFeature,verified cache,True,322,229,93,6,1,54,53
1,108,2323,api_catalog,schema:getFeatures,verified cache,True,554,460,94,6,1,55,51
1,109,2345,api_read,getFeatures,verified cache,True,459,392,67,80,0,0,0
1,110,2370,api_write,insertTransformedInstances,verified cache,True,763,698,65,686,0,0,0
1,111,2493,element_tree,fresh,verified cache,True,162,208,-46,59,18,42756,954
1,112,2508,api_catalog,schema:BTMMateGroup-65,verified cache,True,173,109,64,10,0,0,0
1,113,2522,api_catalog,search,unchanged tool,False,254,254,0,8,0,0,0
1,114,2547,api_catalog,schema:getAssemblyShadedViews,verified cache,True,793,701,92,9,1,52,52
1,115,2561,api_write,addFeature,verified cache,True,765,177,588,455,1,573,55
1,116,2663,element_tree,fresh,verified cache,True,164,212,-48,59,18,42732,990
1,117,2678,api_read,getAssemblyShadedViews,error or non-JSON response,False,22,22,0,95,0,0,0
1,118,2703,api_read,getAssemblyShadedViews,verified cache,True,142,124,18,95,0,0,0
1,119,2767,resolve_target,default,unchanged tool,False,203,203,0,55,0,0,0
1,120,2783,document_tree,fresh,verified cache,True,168,183,-15,59,7,16914,371
1,121,2798,api_read,getFeatures,verified cache,True,132,67,65,67,0,0,0
1,122,2843,inspect_model,full,unchanged tool,False,249,249,0,57,0,0,0
1,123,2857,element_tree,fresh,verified cache,True,164,212,-48,59,18,42732,990
1,124,2886,feature_template,specific-type,unchanged tool,False,151,151,0,44,0,0,0
1,125,2901,evaluate,custom,unchanged tool,False,500,500,0,222,0,0,0
1,126,2932,feature,add,unchanged tool,False,116,116,0,1385,0,0,0
1,127,3198,inspect_model,previous-snapshot,unchanged tool,False,210,210,0,94,0,0,0
1,128,3213,evaluate,custom,unchanged tool,False,143,143,0,80,0,0,0
1,129,3229,feature,edit,unchanged tool,False,123,123,0,74,0,0,0
1,130,3254,inspect_model,previous-snapshot,unchanged tool,False,221,221,0,94,0,0,0
1,131,3283,evaluate,custom,unchanged tool,False,196,196,0,136,0,0,0
1,132,3299,api_write,addFeature,verified cache,True,1072,167,905,762,1,885,53
1,133,3473,element_tree,fresh,verified cache,True,160,205,-45,59,18,42701,936
1,134,3488,inspect_model,previous-snapshot,unchanged tool,False,2506,2506,0,100,0,0,0
1,135,3529,resolve_target,default,unchanged tool,False,203,203,0,55,0,0,0
1,136,3543,api_read,getFeatures,verified cache,True,129,65,64,67,0,0,0
1,137,3564,element_tree,fresh,verified cache,True,163,211,-48,59,18,42701,990
1,138,3579,api_catalog,schema:deleteFeature,verified cache,True,292,196,96,6,1,54,55
1,139,3624,api_write,deleteFeature,verified cache,True,178,115,63,71,0,0,0
1,140,3644,api_read,getFeatures,verified cache,True,129,65,64,67,0,0,0
1,141,3672,api_write,deleteFeature,verified cache,True,174,112,62,73,0,0,0
1,142,3692,element_tree,fresh,verified cache,True,166,217,-51,59,18,42530,1044
1,143,3707,api_read,getFeatures,verified cache,True,133,67,66,67,0,0,0
1,144,3765,resolve_target,default,unchanged tool,False,224,224,0,1,0,0,0
1,145,3777,search_commands,default,exported discovery,True,624,344,280,19,1,635,55
1,146,3793,native_state,default,unchanged tool,False,1032,1032,0,55,0,0,0
1,147,3807,inspect_model,full,unchanged tool,False,249,249,0,57,0,0,0
1,148,3821,native_catalog,default,unchanged tool,False,975,975,0,5,0,0,0
1,153,5667,evaluate,custom,unchanged tool,False,987,987,0,126,0,0,0
1,154,5683,evaluate,custom,unchanged tool,False,620,620,0,127,0,0,0
1,155,5722,native_catalog,default,unchanged tool,False,124,124,0,6,0,0,0
1,157,5950,native_schema,default,unchanged tool,False,179,179,0,68,0,0,0
1,158,5965,api_catalog,search,unchanged tool,False,46,46,0,6,0,0,0
1,159,5979,api_catalog,search,unchanged tool,False,47,47,0,8,0,0,0
1,160,5993,native_catalog,default,unchanged tool,False,975,975,0,5,0,0,0
1,161,6013,api_catalog,schema:deletePartStudioFeature,verified cache,True,349,257,92,8,1,54,51
1,162,6042,api_write,deletePartStudioFeature,verified cache,True,179,115,64,77,0,0,0
1,164,6188,element_tree,fresh,verified cache,True,517,377,140,59,18,42746,936
1,176,6632,element_tree,fresh,verified cache,True,156,200,-44,59,18,41882,918
1,177,6647,element_tree,fresh,verified cache,True,132,162,-30,61,11,25507,572
1,179,6720,resolve_target,default,unchanged tool,False,203,203,0,55,0,0,0
1,180,6734,inspect_model,full,unchanged tool,False,207,207,0,61,0,0,0
1,181,6749,evaluate,custom,unchanged tool,False,143,143,0,156,0,0,0
1,190,7215,element_tree,fresh,verified cache,True,161,210,-49,59,18,41882,1008
1,191,7249,inspect_model,full,unchanged tool,False,1561,1561,0,60,0,0,0
1,192,7264,evaluate,custom,unchanged tool,False,683,683,0,141,0,0,0
2,514,16737,resolve_target,default,unchanged tool,False,206,206,0,56,0,0,0
2,515,16751,document_tree,fresh,verified cache,True,138,1936,-1798,56,7,16198,385
2,516,16765,document_tree,cached-page,verified cache,True,1920,957,963,105,7,16198,385
2,517,16782,document_tree,cached-page,verified cache,True,138,1622,-1484,105,7,16198,385
2,518,16799,document_tree,cached-page,verified cache,True,2685,1132,1553,105,7,16198,385
2,519,16816,document_tree,cached-page,verified cache,True,2469,1094,1375,105,7,16198,385
2,520,16833,document_tree,cached-page,verified cache,True,2698,1123,1575,105,7,16198,385
2,521,16850,inspect_model,full,unchanged tool,False,249,249,0,56,0,0,0
2,522,16864,search_commands,default,exported discovery,True,742,438,304,16,1,753,55
2,523,16885,artifact_page,pointer:/features,verified cache,True,37,1770,-1733,47,0,0,0
2,524,16901,artifact_page,pointer:/solids,verified cache,True,109,109,0,48,0,0,0
2,525,16917,artifact_page,pointer:/parts,verified cache,True,29,29,0,47,0,0,0
2,526,16933,feature_template,specific-type,unchanged tool,False,148,148,0,44,0,0,0
2,527,16954,artifact_page,pointer:/template,verified cache,True,487,487,0,44,0,0,0
2,528,16975,evaluate,topology,unchanged tool,False,850,850,0,66,0,0,0
2,529,16992,feature_template,specific-type,unchanged tool,False,151,151,0,44,0,0,0
2,530,17009,evaluate,custom,unchanged tool,False,2385,2385,0,144,0,0,0
2,531,17025,artifact_page,pointer:/template,verified cache,True,382,382,0,45,0,0,0
2,532,17040,evaluate,select,unchanged tool,False,162,162,0,96,0,0,0
2,533,17057,feature_template,specific-type,unchanged tool,False,143,143,0,44,0,0,0
2,534,17084,feature,add,unchanged tool,False,114,114,0,615,0,0,0
2,535,17220,inspect_model,full,unchanged tool,False,260,260,0,56,0,0,0
2,536,17234,artifact_page,pointer:root/other,verified cache,True,65,2008,-1943,50,0,0,0
2,537,17249,artifact_page,pointer:/solids,verified cache,True,209,209,0,50,0,0,0
2,538,17264,artifact_page,pointer:/featureState,verified cache,True,31,31,0,52,0,0,0
2,539,17279,artifact_page,pointer:/template,verified cache,True,1004,1004,0,41,0,0,0
2,540,17294,evaluate,select,unchanged tool,False,160,160,0,77,0,0,0
2,541,17311,evaluate,select,unchanged tool,False,163,163,0,77,0,0,0
2,542,17328,search_commands,default,exported discovery,True,484,238,246,14,1,495,47
2,543,17349,feature,add,unchanged tool,False,107,107,0,1133,0,0,0
2,544,17605,inspect_model,full,unchanged tool,False,251,251,0,56,0,0,0
2,545,17619,api_catalog,search,unchanged tool,False,253,253,0,6,0,0,0
2,546,17633,artifact_page,pointer:/feature,verified cache,True,72,72,0,48,0,0,0
2,547,17648,artifact_page,pointer:/feature_errors,error or non-JSON response,False,14,14,0,47,0,0,0
2,548,17661,evaluate,custom,unchanged tool,False,145,145,0,81,0,0,0
2,549,17679,evaluate,select,unchanged tool,False,144,144,0,68,0,0,0
2,550,17696,api_catalog,search,unchanged tool,False,263,263,0,5,0,0,0
2,551,17710,feature,edit,unchanged tool,False,119,119,0,113,0,0,0
2,552,17743,api_catalog,schema:updateWVEPMetadata,verified cache,True,793,710,83,8,1,42,54
2,553,17757,inspect_model,full,unchanged tool,False,256,256,0,56,0,0,0
2,554,17771,api_catalog,schema:getWMVEPsMetadata,verified cache,True,775,677,98,10,1,56,54
2,555,17785,feature,add,unchanged tool,False,122,122,0,1124,0,0,0
2,556,18041,api_read,getWMVEPsMetadata,verified cache,True,146,122,24,68,0,0,0
2,557,18063,inspect_model,full,unchanged tool,False,256,256,0,56,0,0,0
2,558,18077,api_catalog,schema:getAssemblyDefinition,verified cache,True,639,545,94,7,1,51,56
2,559,18091,evaluate,custom,unchanged tool,False,223,223,0,163,0,0,0
2,560,18107,api_read,getAssemblyDefinition,verified cache,True,159,350,-191,79,0,0,0
2,561,18139,api_write,updateWVEPMetadata,verified cache,True,258,198,60,275,0,0,0
2,562,18177,api_write,updateWVEPMetadata,verified cache,True,262,200,62,275,0,0,0
2,563,18217,inspect_model,full,unchanged tool,False,246,246,0,55,0,0,0
2,564,18231,api_read,getWMVEPsMetadata,verified cache,True,144,121,23,68,0,0,0
2,565,18251,api_catalog,search,unchanged tool,False,93,93,0,6,0,0,0
2,566,18267,api_catalog,schema:getPartStudioMassProperties,verified cache,True,821,727,94,9,1,52,55
2,567,18281,api_catalog,schema:getFeatureSpecs,verified cache,True,292,199,93,7,1,53,53
2,568,18295,inspect_model,full,unchanged tool,False,247,247,0,57,0,0,0
2,569,18309,api_read,getPartStudioMassProperties,verified cache,True,1546,1482,64,83,0,0,0
2,570,18333,api_read,getFeatureSpecs,verified cache,True,175,81,94,63,0,0,0
2,571,18355,api_read,getAssemblyDefinition,verified cache,True,153,347,-194,79,0,0,0
2,572,18381,evaluate,custom,unchanged tool,False,439,439,0,128,0,0,0
2,573,18397,api_read,getWMVEPsMetadata,verified cache,True,152,126,26,69,0,0,0
2,574,18419,api_catalog,schema:createInstance,verified cache,True,287,203,84,6,1,42,55
2,575,18433,inspect_model,full,unchanged tool,False,241,241,0,56,0,0,0
2,576,18447,api_catalog,schema:BTAssemblyInstanceDefinitionParams,verified cache,True,267,204,63,9,0,0,0
2,577,18461,api_catalog,schema:addFeature,verified cache,True,322,229,93,6,1,54,53
2,578,18477,feature,edit,unchanged tool,False,203,203,0,96,0,0,0
2,579,18510,api_catalog,schema:BTMMate-64,verified cache,True,203,145,58,9,0,0,0
2,580,18524,api_catalog,schema:BTMIndividualQueryWithOccurrence-811,verified cache,True,220,157,63,12,0,0,0
2,581,18538,inspect_model,full,unchanged tool,False,252,252,0,56,0,0,0
2,582,18552,inspect_model,full,unchanged tool,False,256,256,0,57,0,0,0
2,583,18566,api_catalog,schema:BTMIndividualQueryWithOccurrenceBase-904,verified cache,True,342,280,62,13,0,0,0
2,584,18580,api_catalog,schema:BTMAssemblyFeature-887,verified cache,True,550,480,70,10,0,0,0
2,585,18594,evaluate,custom,unchanged tool,False,521,521,0,132,0,0,0
2,586,18610,api_write,updateWVEPMetadata,verified cache,True,274,206,68,246,0,0,0
2,587,18648,api_write,updateWVEPMetadata,verified cache,True,256,197,59,246,0,0,0
2,588,18692,api_write,createInstance,verified cache,True,117,54,63,115,0,0,0
2,589,18719,api_read,getAssemblyDefinition,verified cache,True,151,346,-195,79,0,0,0
2,590,18743,api_catalog,schema:BTMFeatureQueryWithOccurrence-157,verified cache,True,247,186,61,12,0,0,0
2,591,18757,api_catalog,schema:BTFeatureDefinitionCall-1406,verified cache,True,342,277,65,11,0,0,0
2,592,18773,api_catalog,schema:BTMPartStudioMateConnectorQuery-1324,verified cache,True,170,109,61,14,0,0,0
2,593,18791,api_catalog,schema:BTMFeature-134,verified cache,True,642,577,65,9,0,0,0
2,594,18805,api_catalog,search,unchanged tool,False,46,46,0,6,0,0,0
2,595,18819,api_catalog,schema:getFeatures,verified cache,True,554,460,94,6,1,55,51
2,596,18833,api_catalog,schema:transformOccurrences,verified cache,True,283,203,80,6,1,42,51
2,597,18847,api_read,getFeatures,verified cache,True,184,184,0,62,0,0,0
2,598,18867,api_catalog,schema:BTAssemblyTransformDefinitionParams,verified cache,True,175,111,64,9,0,0,0
2,599,18881,element_tree,fresh,verified cache,True,164,215,-51,59,11,23706,638
2,600,18896,api_catalog,schema:BTOccurrence-74,verified cache,True,229,170,59,10,0,0,0
2,601,18910,api_write,transformOccurrences,verified cache,True,117,54,63,144,0,0,0
2,602,18957,api_read,getAssemblyDefinition,verified cache,True,147,344,-197,79,0,0,0
2,603,18983,api_write,addFeature,verified cache,True,2193,170,2023,1531,1,2005,55
2,604,19295,api_read,getAssemblyDefinition,verified cache,True,157,349,-192,79,0,0,0
2,605,19319,api_catalog,schema:getAssemblyMassProperties,verified cache,True,628,537,91,8,1,51,52
2,606,19333,search_commands,default,exported discovery,True,505,264,241,16,1,516,49
2,607,19351,api_read,getAssemblyMassProperties,verified cache,True,744,681,63,64,0,0,0
2,608,19371,api_catalog,schema:updateFeature,verified cache,True,320,227,93,6,1,54,52
2,609,19385,api_read,getFeatures,verified cache,True,173,211,-38,62,0,0,0
2,610,19411,api_write,updateFeature,verified cache,True,170,169,1,2119,1,2003,55
2,611,19761,api_read,getAssemblyDefinition,verified cache,True,164,353,-189,79,0,0,0
2,612,19785,artifact_page,pointer:/featureState,verified cache,True,31,31,0,48,0,0,0
2,613,19802,api_write,transformOccurrences,verified cache,True,117,54,63,139,0,0,0
2,614,19855,api_read,getAssemblyDefinition,verified cache,True,164,353,-189,79,0,0,0
2,615,19879,render_views,default,unchanged tool,False,100,100,0,53,0,0,0
2,616,19900,api_read,getPartStudioMassProperties,verified cache,True,1519,1455,64,94,0,0,0
2,617,19928,api_write,transformOccurrences,verified cache,True,117,54,63,144,0,0,0
2,618,19975,api_read,getAssemblyDefinition,verified cache,True,158,350,-192,79,0,0,0
2,619,19999,api_read,getFeatures,verified cache,True,174,211,-37,62,0,0,0
2,620,20021,artifact_page,pointer:/featureStates,verified cache,True,135,135,0,48,0,0,0
2,621,20036,api_write,transformOccurrences,verified cache,True,117,54,63,144,0,0,0
2,622,20083,api_read,getAssemblyDefinition,verified cache,True,154,348,-194,79,0,0,0
2,623,20107,api_read,getAssemblyMassProperties,verified cache,True,736,676,60,64,0,0,0
2,624,20127,inspect_model,full,unchanged tool,False,253,253,0,56,0,0,0
2,625,20211,resolve_target,default,unchanged tool,False,203,203,0,55,0,0,0
2,626,20231,document_tree,fresh,verified cache,True,169,185,-16,59,7,16195,378
2,627,20248,element_tree,fresh,verified cache,True,163,210,-47,59,11,27190,594
2,628,20263,bridge_status,default,unchanged tool,False,456,456,0,1,0,0,0
2,629,20277,api_catalog,schema:getAssemblyDefinition,verified cache,True,639,545,94,7,1,51,56
2,630,20291,api_catalog,search,unchanged tool,False,52,52,0,7,0,0,0
2,631,20305,api_catalog,schema:getPartsWMV,verified cache,True,576,473,103,8,1,58,58
2,632,20319,api_read,getAssemblyDefinition,verified cache,True,154,348,-194,79,0,0,0
2,633,20345,api_catalog,schema:getInsertables,verified cache,True,921,826,95,7,1,52,55
2,634,20361,api_read,getInsertables,verified cache,True,173,249,-76,53,0,0,0
2,635,20383,api_read,getAssemblyDefinition,error or non-JSON response,False,22,22,0,77,0,0,0
2,636,20411,inspect_model,full,unchanged tool,False,258,258,0,54,0,0,0
2,637,20425,document_tree,fresh,verified cache,True,165,182,-17,57,5,11659,275
2,638,20465,inspect_model,full,unchanged tool,False,266,266,0,57,0,0,0
2,639,20479,api_read,getAssemblyDefinition,verified cache,True,155,314,-159,83,0,0,0
2,640,20506,inspect_model,full,unchanged tool,False,404,404,0,55,0,0,0
2,641,20530,evaluate,custom,unchanged tool,False,154,154,0,122,0,0,0
2,642,20546,api_catalog,search,unchanged tool,False,147,147,0,7,0,0,0
2,643,20560,inspect_model,full,unchanged tool,False,256,256,0,52,0,0,0
2,644,20578,api_catalog,schema:createPartStudio,verified cache,True,301,212,89,7,1,51,52
2,645,20596,evaluate,custom,unchanged tool,False,846,846,0,194,0,0,0
2,646,20612,feature_template,specific-type,unchanged tool,False,153,153,0,49,0,0,0
2,647,20627,api_catalog,schema:BTModelElementParams,verified cache,True,123,63,60,8,0,0,0
2,648,20643,api_write,createPartStudio,verified cache,True,268,201,67,59,0,0,0
2,649,20664,inspect_model,full,error or non-JSON response,False,22,22,0,56,0,0,0
2,650,20678,evaluate,select,unchanged tool,False,157,157,0,73,0,0,0
2,651,20707,inspect_model,full,error or non-JSON response,False,22,22,0,56,0,0,0
2,652,20725,search_commands,default,exported discovery,True,837,521,316,25,1,848,52
2,653,20743,open_document,default,unchanged tool,False,89,89,0,56,0,0,0
2,654,20757,api_read,getAssemblyDefinition,verified cache,True,155,276,-121,68,0,0,0
2,655,20778,native_state,default,unchanged tool,False,1164,1164,0,56,0,0,0
2,656,20792,inspect_model,full,error or non-JSON response,False,22,22,0,60,0,0,0
2,657,20805,api_catalog,schema:addPartStudioFeature,verified cache,True,384,285,99,8,1,54,57
2,658,20819,api_catalog,schema:BTFeatureDefinitionCall-1406,verified cache,True,342,277,65,11,0,0,0
2,659,20833,api_catalog,schema:getPartsWMV,verified cache,True,576,473,103,8,1,58,58
2,660,20847,api_catalog,schema:getPartStudioBodyDetails,verified cache,True,792,692,100,9,1,54,58
2,661,20861,api_write,addPartStudioFeature,verified cache,True,1109,180,929,718,1,916,55
2,662,21010,native_state,default,unchanged tool,False,153,153,0,56,0,0,0
2,663,21024,api_read,getPartsWMV,verified cache,True,1516,1450,66,74,0,0,0
2,664,21047,inspect_model,full,error or non-JSON response,False,22,22,0,56,0,0,0
2,665,21059,feature_template,specific-type,unchanged tool,False,157,157,0,49,0,0,0
2,666,21074,feature_template,specific-type,unchanged tool,False,158,158,0,49,0,0,0
2,667,21089,feature_template,specific-type,unchanged tool,False,153,153,0,48,0,0,0
2,668,21110,api_read,getPartStudioBodyDetails,verified cache,True,138,69,69,83,0,0,0
2,669,21143,api_write,addPartStudioFeature,verified cache,True,171,2041,-1870,660,0,0,0
2,670,21286,api_read,getPartsWMV,verified cache,True,757,694,63,74,0,0,0
2,671,21309,native_state,default,unchanged tool,False,154,154,0,56,0,0,0
2,672,21327,api_catalog,schema:getPartStudioMassProperties,verified cache,True,821,727,94,9,1,52,55
2,673,21341,api_catalog,schema:updateWVEPMetadata,verified cache,True,793,710,83,8,1,42,54
2,674,21355,api_catalog,schema:createInstance,verified cache,True,287,203,84,6,1,42,55
2,675,21369,api_read,getPartStudioMassProperties,verified cache,True,149,79,70,99,0,0,0
2,676,21399,api_write,addPartStudioFeature,verified cache,True,1318,166,1152,504,1,1141,49
2,677,21513,api_read,getPartsWMV,verified cache,True,752,689,63,74,0,0,0
2,678,21540,api_read,getPartStudioBodyDetails,verified cache,True,126,63,63,86,0,0,0
2,679,21568,api_catalog,schema:BTAssemblyInstanceDefinitionParams,verified cache,True,267,204,63,9,0,0,0
2,680,21582,evaluate,custom,unchanged tool,False,419,419,0,193,0,0,0
2,681,21598,inspect_model,full,error or non-JSON response,False,22,22,0,56,0,0,0
2,682,21624,api_write,addPartStudioFeature,verified cache,True,163,163,0,1157,8,2647,426
2,683,21889,native_state,default,unchanged tool,False,150,150,0,56,0,0,0
2,684,21903,api_write,addPartStudioFeature,verified cache,True,181,176,5,1156,8,2635,498
2,685,22168,native_state,default,unchanged tool,False,154,154,0,56,0,0,0
2,686,22182,api_write,addPartStudioFeature,verified cache,True,169,171,-2,1157,8,2651,450
2,687,22447,native_state,default,unchanged tool,False,152,152,0,56,0,0,0
2,688,22461,api_write,addPartStudioFeature,verified cache,True,165,163,2,1158,8,2650,434
2,689,22726,native_state,default,unchanged tool,False,158,158,0,56,0,0,0
2,690,22740,api_write,addPartStudioFeature,verified cache,True,171,166,5,1155,8,2637,458
2,691,23005,native_state,default,unchanged tool,False,155,155,0,56,0,0,0
2,692,23019,evaluate,custom,unchanged tool,False,514,514,0,190,0,0,0
2,693,23035,api_catalog,schema:transformOccurrences,verified cache,True,283,203,80,6,1,42,51
2,694,23049,api_catalog,schema:addFeature,verified cache,True,322,229,93,6,1,54,53
2,695,23065,api_write,updateWVEPMetadata,verified cache,True,251,194,57,232,0,0,0
2,696,23103,api_write,updateWVEPMetadata,verified cache,True,255,196,59,208,0,0,0
2,697,23141,api_write,updateWVEPMetadata,verified cache,True,258,198,60,232,0,0,0
2,698,23179,api_write,updateWVEPMetadata,verified cache,True,268,203,65,226,0,0,0
2,699,23217,api_read,getPartStudioMassProperties,error or non-JSON response,False,29,29,0,90,0,0,0
2,700,23253,api_read,getPartStudioMassProperties,verified cache,True,134,72,62,86,0,0,0
2,701,23278,api_write,createInstance,verified cache,True,117,54,63,113,0,0,0
2,702,23305,api_read,getAssemblyDefinition,verified cache,True,159,278,-119,68,0,0,0
2,703,23328,api_write,createInstance,verified cache,True,117,54,63,113,0,0,0
2,704,23355,api_read,getAssemblyDefinition,verified cache,True,159,278,-119,68,0,0,0
2,705,23378,api_write,createInstance,verified cache,True,117,54,63,113,0,0,0
2,706,23405,api_read,getAssemblyDefinition,verified cache,True,164,281,-117,68,0,0,0
2,707,23428,api_write,createInstance,verified cache,True,117,54,63,113,0,0,0
2,708,23455,api_read,getAssemblyDefinition,verified cache,True,153,275,-122,68,0,0,0
2,709,23478,api_write,createInstance,verified cache,True,117,54,63,113,0,0,0
2,710,23505,api_read,getAssemblyDefinition,verified cache,True,159,278,-119,68,0,0,0
2,711,23528,api_write,createInstance,verified cache,True,117,54,63,114,0,0,0
2,712,23555,api_read,getAssemblyDefinition,verified cache,True,151,274,-123,68,0,0,0
2,713,23578,api_write,createInstance,verified cache,True,117,54,63,113,0,0,0
2,714,23605,api_read,getAssemblyDefinition,verified cache,True,153,275,-122,68,0,0,0
2,715,23628,api_write,createInstance,verified cache,True,117,54,63,113,0,0,0
2,716,23655,api_read,getAssemblyDefinition,verified cache,True,154,276,-122,68,0,0,0
2,717,23678,api_write,createInstance,verified cache,True,117,54,63,113,0,0,0
2,718,23705,api_read,getAssemblyDefinition,verified cache,True,157,277,-120,68,0,0,0
2,719,23741,feature_template,specific-type,unchanged tool,False,164,164,0,48,0,0,0
2,720,23756,native_state,default,unchanged tool,False,149,149,0,56,0,0,0
2,721,23778,api_catalog,schema:BTAssemblyTransformDefinitionParams,verified cache,True,175,111,64,9,0,0,0
2,722,23794,api_write,addPartStudioFeature,verified cache,True,163,166,-3,1052,8,2385,426
2,723,24033,api_read,getPartsWMV,error or non-JSON response,False,22,22,0,74,0,0,0
2,724,24054,api_write,addPartStudioFeature,verified cache,True,170,174,-4,1051,8,2389,458
2,725,24293,api_read,getPartsWMV,error or non-JSON response,False,22,22,0,74,0,0,0
2,726,24314,api_read,getPartStudioMassProperties,verified cache,True,153,82,71,86,0,0,0
2,727,24339,api_write,createInstance,verified cache,True,117,54,63,113,0,0,0
2,728,24366,api_read,getAssemblyDefinition,verified cache,True,166,301,-135,83,0,0,0
2,729,24393,api_write,createInstance,verified cache,True,117,54,63,113,0,0,0
2,730,24420,api_read,getAssemblyDefinition,verified cache,True,162,299,-137,83,0,0,0
2,731,24447,api_write,createInstance,verified cache,True,117,54,63,114,0,0,0
2,732,24474,api_read,getAssemblyDefinition,verified cache,True,143,289,-146,83,0,0,0
2,733,24501,api_write,createInstance,verified cache,True,117,54,63,113,0,0,0
2,734,24528,api_read,getAssemblyDefinition,verified cache,True,159,297,-138,83,0,0,0
2,735,24555,api_write,createInstance,verified cache,True,117,54,63,113,0,0,0
2,736,24582,api_read,getAssemblyDefinition,verified cache,True,153,294,-141,83,0,0,0
2,737,24609,api_write,createInstance,verified cache,True,117,54,63,113,0,0,0
2,738,24636,api_read,getAssemblyDefinition,verified cache,True,153,294,-141,83,0,0,0
2,739,24663,api_write,createInstance,verified cache,True,117,54,63,113,0,0,0
2,740,24690,api_read,getAssemblyDefinition,verified cache,True,147,291,-144,83,0,0,0
2,741,24717,api_write,createInstance,verified cache,True,117,54,63,113,0,0,0
2,742,24744,api_read,getAssemblyDefinition,verified cache,True,149,292,-143,83,0,0,0
2,743,24771,api_write,createInstance,verified cache,True,117,54,63,114,0,0,0
2,744,24798,api_read,getAssemblyDefinition,verified cache,True,167,301,-134,83,0,0,0
2,745,24833,api_write,transformOccurrences,verified cache,True,117,54,63,237,0,0,0
2,746,24890,api_read,getAssemblyDefinition,verified cache,True,159,278,-119,68,0,0,0
2,747,24913,api_write,transformOccurrences,verified cache,True,117,54,63,222,0,0,0
2,748,24965,api_read,getAssemblyDefinition,verified cache,True,151,274,-123,68,0,0,0
2,749,24988,api_write,transformOccurrences,verified cache,True,117,54,63,204,0,0,0
2,750,25035,api_read,getAssemblyDefinition,verified cache,True,153,275,-122,68,0,0,0
2,751,25058,api_write,transformOccurrences,verified cache,True,117,54,63,237,0,0,0
2,752,25115,api_read,getAssemblyDefinition,verified cache,True,149,273,-124,68,0,0,0
2,753,25138,api_write,transformOccurrences,verified cache,True,117,54,63,222,0,0,0
2,754,25190,api_read,getAssemblyDefinition,verified cache,True,147,272,-125,68,0,0,0
2,755,25213,api_write,transformOccurrences,verified cache,True,117,54,63,205,0,0,0
2,756,25260,api_read,getAssemblyDefinition,verified cache,True,159,278,-119,68,0,0,0
2,757,25283,api_write,transformOccurrences,verified cache,True,117,54,63,233,0,0,0
2,758,25340,api_read,getAssemblyDefinition,verified cache,True,151,274,-123,68,0,0,0
2,759,25363,api_write,transformOccurrences,verified cache,True,117,54,63,220,0,0,0
2,760,25415,api_read,getAssemblyDefinition,verified cache,True,163,280,-117,68,0,0,0
2,761,25438,api_write,transformOccurrences,verified cache,True,117,54,63,202,0,0,0
2,762,25485,api_read,getAssemblyDefinition,verified cache,True,151,274,-123,68,0,0,0
2,763,25508,api_catalog,search,unchanged tool,False,102,102,0,6,0,0,0
2,764,25522,open_document,default,unchanged tool,False,88,88,0,55,0,0,0
2,765,25538,api_catalog,schema:getFeatures,verified cache,True,554,460,94,6,1,55,51
2,766,25558,api_catalog,schema:getAssemblyShadedViews,verified cache,True,793,701,92,9,1,52,52
2,767,25572,api_write,addFeature,verified cache,True,651,175,476,345,1,455,57
2,768,25653,api_read,getAssemblyDefinition,verified cache,True,161,298,-137,83,0,0,0
2,769,25678,api_write,addFeature,verified cache,True,2043,173,1870,1392,1,1854,55
2,770,25993,api_read,getAssemblyDefinition,verified cache,True,151,274,-123,68,0,0,0
2,771,26016,api_write,addFeature,verified cache,True,2031,164,1867,1385,1,1854,50
2,772,26331,api_read,getAssemblyDefinition,verified cache,True,165,281,-116,68,0,0,0
2,773,26354,api_write,addFeature,verified cache,True,2046,175,1871,1390,1,1857,55
2,774,26669,api_read,getAssemblyDefinition,verified cache,True,147,272,-125,68,0,0,0
2,775,26692,api_write,addFeature,verified cache,True,2046,169,1877,1387,1,1859,55
2,776,27007,api_read,getAssemblyDefinition,verified cache,True,152,275,-123,68,0,0,0
2,777,27030,api_write,addFeature,verified cache,True,2044,172,1872,1390,1,1856,55
2,778,27345,api_read,getAssemblyDefinition,verified cache,True,153,275,-122,68,0,0,0
2,779,27368,api_write,addFeature,verified cache,True,2032,171,1861,1386,1,1837,58
2,780,27683,api_read,getAssemblyDefinition,verified cache,True,155,276,-121,68,0,0,0
2,781,27706,api_write,addFeature,verified cache,True,2046,173,1873,1389,1,1856,55
2,782,28021,api_read,getAssemblyDefinition,verified cache,True,145,271,-126,68,0,0,0
2,783,28044,api_write,addFeature,verified cache,True,2046,174,1872,1388,1,1854,55
2,784,28359,api_read,getAssemblyDefinition,verified cache,True,147,272,-125,68,0,0,0
2,785,28382,api_write,addFeature,verified cache,True,2040,171,1869,1391,1,1859,49
2,786,28697,api_read,getAssemblyDefinition,verified cache,True,149,273,-124,68,0,0,0
2,787,28720,api_write,addFeature,verified cache,True,2021,168,1853,1388,1,1839,52
2,788,29035,api_read,getAssemblyDefinition,verified cache,True,163,280,-117,68,0,0,0
2,789,29058,api_write,addFeature,verified cache,True,2046,174,1872,1389,1,1854,57
2,790,29373,api_read,getAssemblyDefinition,verified cache,True,159,278,-119,68,0,0,0
2,791,29396,api_write,addFeature,verified cache,True,2040,170,1870,1386,1,1851,54
2,792,29711,api_read,getAssemblyDefinition,verified cache,True,151,274,-123,68,0,0,0
2,793,29740,api_read,getAssemblyShadedViews,verified cache,True,139,123,16,127,0,0,0
2,794,29772,api_read,getFeatures,verified cache,True,130,66,64,67,0,0,0
2,795,29793,api_read,getAssemblyMassProperties,verified cache,True,139,78,61,69,0,0,0
2,796,29822,inspect_model,full,error or non-JSON response,False,22,22,0,56,0,0,0
2,797,29844,api_write,transformOccurrences,verified cache,True,117,54,63,209,0,0,0
2,798,29891,api_read,getAssemblyDefinition,verified cache,True,156,296,-140,76,0,0,0
2,799,29917,api_write,transformOccurrences,verified cache,True,117,54,63,208,0,0,0
2,800,29964,api_read,getAssemblyDefinition,verified cache,True,157,296,-139,76,0,0,0
2,801,29990,api_write,transformOccurrences,verified cache,True,117,54,63,205,0,0,0
2,802,30037,api_read,getAssemblyDefinition,verified cache,True,160,298,-138,76,0,0,0
2,803,30063,api_write,transformOccurrences,verified cache,True,117,54,63,205,0,0,0
2,804,30110,api_read,getAssemblyDefinition,verified cache,True,145,290,-145,76,0,0,0
2,805,30136,api_read,getAssemblyShadedViews,verified cache,True,139,123,16,121,0,0,0
2,806,30167,api_read,getAssemblyShadedViews,verified cache,True,150,128,22,120,0,0,0
2,807,30208,api_read,getFeatures,verified cache,True,128,65,63,67,0,0,0
2,808,30233,native_state,default,unchanged tool,False,1038,1038,0,63,0,0,0
2,809,30273,resolve_target,default,unchanged tool,False,203,203,0,55,0,0,0
2,810,30287,document_tree,fresh,verified cache,True,241,237,4,59,7,16753,357
2,811,30302,inspect_model,full,error or non-JSON response,False,22,22,0,55,0,0,0
2,812,30314,element_tree,fresh,verified cache,True,525,387,138,59,15,35434,825
2,813,30329,api_read,getPartsWMV,verified cache,True,871,810,61,73,0,0,0
2,814,30352,api_read,getPartStudioBodyDetails,verified cache,True,127,64,63,70,0,0,0
2,815,30373,api_read,getAssemblyDefinition,verified cache,True,151,293,-142,83,0,0,0
2,816,30398,api_read,getPartStudioMassProperties,verified cache,True,718,653,65,85,0,0,0
2,817,30425,evaluate,custom,unchanged tool,False,158,158,0,182,0,0,0
2,818,30441,open_document,default,unchanged tool,False,88,88,0,55,0,0,0
2,819,30455,search_commands,default,exported discovery,True,610,339,271,18,1,621,50
2,820,30474,api_catalog,schema:insertTransformedInstances,verified cache,True,301,209,92,8,1,54,53
2,821,30488,native_state,default,unchanged tool,False,160,160,0,55,0,0,0
2,822,30508,api_catalog,schema:BTAssemblyTransformedInstancesDefinitionParams,verified cache,True,140,79,61,11,0,0,0
2,823,30522,api_read,getPartStudioBodyDetails,verified cache,True,113,56,57,99,0,0,0
2,824,30555,api_catalog,schema:BTAssemblyInsertTransformedInstancesResponse,verified cache,True,170,108,62,11,0,0,0
2,825,30569,api_catalog,schema:TransformGroup,verified cache,True,176,107,69,6,0,0,0
2,826,30587,api_write,insertTransformedInstances,verified cache,True,554,490,64,1140,0,0,0
2,827,30790,api_read,getAssemblyDefinition,verified cache,True,163,299,-136,76,0,0,0
2,828,30816,api_catalog,search,unchanged tool,False,26,26,0,6,0,0,0
2,829,30830,api_catalog,search,unchanged tool,False,26,26,0,6,0,0,0
2,830,30844,api_read,getAssemblyShadedViews,verified cache,True,140,123,17,120,0,0,0
2,831,30875,api_write,addFeature,verified cache,True,423,169,254,216,1,241,52
2,832,30928,api_read,getAssemblyDefinition,verified cache,True,143,270,-127,68,0,0,0
2,833,30949,api_write,addFeature,verified cache,True,416,165,251,211,1,236,51
2,834,31002,api_read,getAssemblyDefinition,verified cache,True,153,275,-122,68,0,0,0
2,835,31023,api_write,addFeature,verified cache,True,422,172,250,212,1,235,53
2,836,31076,api_read,getAssemblyDefinition,verified cache,True,161,279,-118,68,0,0,0
2,837,31097,api_write,addFeature,verified cache,True,430,174,256,216,1,245,53
2,838,31150,api_read,getAssemblyDefinition,verified cache,True,149,273,-124,68,0,0,0
2,839,31171,api_write,addFeature,verified cache,True,418,169,249,214,1,239,49
2,840,31224,api_read,getAssemblyDefinition,verified cache,True,152,275,-123,68,0,0,0
2,841,31245,api_write,addFeature,verified cache,True,428,169,259,216,1,247,52
2,842,31298,api_read,getAssemblyDefinition,verified cache,True,146,272,-126,68,0,0,0
2,843,31327,search_commands,default,exported discovery,True,578,321,257,18,1,589,54
2,844,31343,api_read,getAssemblyMassProperties,verified cache,True,147,82,65,69,0,0,0
2,845,31364,api_read,getFeatures,verified cache,True,132,67,65,67,0,0,0
2,846,31393,native_schema,default,unchanged tool,False,253,253,0,71,0,0,0
2,847,31439,resolve_target,default,unchanged tool,False,203,203,0,55,0,0,0
2,848,31453,document_tree,fresh,verified cache,True,169,189,-20,59,7,16485,406
2,849,31468,element_tree,fresh,verified cache,True,159,206,-47,59,16,37191,864
2,850,31483,api_read,getAssemblyDefinition,verified cache,True,146,272,-126,68,0,0,0
2,851,31504,api_read,getAssemblyMassProperties,verified cache,True,151,84,67,69,0,0,0
2,852,31527,api_catalog,schema:getPartStudioMassProperties,verified cache,True,821,727,94,9,1,52,55
2,853,31541,api_read,getPartStudioMassProperties,verified cache,True,134,70,64,83,0,0,0
2,854,31566,api_read,getPartStudioMassProperties,verified cache,True,128,67,61,82,0,0,0
2,855,31591,api_read,getPartStudioMassProperties,verified cache,True,138,72,66,80,0,0,0
2,856,31616,api_read,getPartStudioMassProperties,verified cache,True,142,74,68,85,0,0,0
2,857,31657,api_read,getWMVEPsMetadata,verified cache,True,129,60,69,71,0,0,0
2,858,31678,api_read,getPartsWMV,verified cache,True,676,605,71,68,0,0,0
2,859,31813,resolve_target,default,unchanged tool,False,207,207,0,57,0,0,0
2,860,31827,document_tree,fresh,verified cache,True,132,2642,-2510,61,7,16586,357
2,861,31842,document_tree,cached-page,verified cache,True,132,1405,-1273,98,7,16586,357
2,862,31858,inspect_model,full,error or non-JSON response,False,22,22,0,57,0,0,0
2,863,31872,search_commands,default,exported discovery,True,866,550,316,22,1,877,53
2,864,31889,api_catalog,schema:getPartStudioBodyDetails,verified cache,True,792,692,100,9,1,54,58
2,865,31903,api_read,getPartStudioBodyDetails,verified cache,True,129,65,64,72,0,0,0
2,866,31924,open_document,default,unchanged tool,False,90,90,0,57,0,0,0
2,867,31938,native_state,default,unchanged tool,False,152,152,0,57,0,0,0
2,868,31954,api_catalog,search,unchanged tool,False,48,48,0,7,0,0,0
2,869,31968,api_catalog,schema:getAssemblyDefinition,verified cache,True,639,545,94,7,1,51,56
2,870,31992,api_read,getAssemblyDefinition,verified cache,True,154,295,-141,83,0,0,0
2,871,32021,api_read,getPartStudioBodyDetails,verified cache,True,137,69,68,92,0,0,0
2,872,32062,api_catalog,schema:createInstance,verified cache,True,287,203,84,6,1,42,55
2,873,32076,api_catalog,schema:transformOccurrences,verified cache,True,283,203,80,6,1,42,51
2,874,32090,api_catalog,search,unchanged tool,False,240,240,0,6,0,0,0
2,875,32104,api_catalog,schema:BTAssemblyInstanceDefinitionParams,verified cache,True,267,204,63,9,0,0,0
2,876,32118,api_catalog,schema:BTAssemblyTransformDefinitionParams,verified cache,True,175,111,64,9,0,0,0
2,877,32132,api_catalog,schema:addFeature,verified cache,True,322,229,93,6,1,54,53
2,878,32146,element_tree,fresh,verified cache,True,516,379,137,59,16,37773,864
2,879,32161,api_catalog,schema:getFeatures,verified cache,True,554,460,94,6,1,55,51
2,880,32175,api_catalog,schema:BTFeatureDefinitionCall-1406,verified cache,True,342,277,65,11,0,0,0
2,881,32189,api_catalog,schema:BTOccurrence-74,verified cache,True,229,170,59,10,0,0,0
2,882,32203,api_read,getFeatures,verified cache,True,122,62,60,86,0,0,0
2,883,32229,api_read,getAssemblyDefinition,verified cache,True,155,295,-140,76,0,0,0
2,884,32267,api_write,createInstance,verified cache,True,117,54,63,114,0,0,0
2,885,32294,api_read,getAssemblyDefinition,verified cache,True,157,277,-120,68,0,0,0
2,886,32315,api_catalog,schema:BTMMateGroup-65,verified cache,True,173,109,64,10,0,0,0
2,887,32329,api_catalog,schema:BTMParameterQueryWithOccurrenceList-67,verified cache,True,218,158,60,13,0,0,0
2,888,32343,api_catalog,schema:BTMIndividualOccurrenceQuery-626,verified cache,True,177,113,64,11,0,0,0
2,889,32359,api_write,createInstance,verified cache,True,117,54,63,114,0,0,0
2,890,32386,api_catalog,search,unchanged tool,False,243,243,0,6,0,0,0
2,891,32400,api_write,transformOccurrences,verified cache,True,117,54,63,167,0,0,0
2,892,32447,api_read,getAssemblyDefinition,verified cache,True,149,273,-124,68,0,0,0
2,893,32470,api_catalog,schema:getPartStudioMassProperties,verified cache,True,821,727,94,9,1,52,55
2,894,32484,api_catalog,schema:getAssemblyMassProperties,verified cache,True,628,537,91,8,1,51,52
2,895,32498,api_write,transformOccurrences,verified cache,True,117,54,63,167,0,0,0
2,896,32545,api_read,getAssemblyDefinition,verified cache,True,163,280,-117,68,0,0,0
2,897,32566,api_read,getPartStudioMassProperties,verified cache,True,584,519,65,87,0,0,0
2,898,32593,api_write,addFeature,verified cache,True,416,167,249,229,1,237,51
2,899,32645,api_catalog,search,unchanged tool,False,261,261,0,8,0,0,0
2,900,32659,api_write,addFeature,verified cache,True,423,170,253,228,1,239,52
2,901,32711,api_catalog,schema:getAssemblyShadedViews,verified cache,True,793,701,92,9,1,52,52
2,902,32725,api_read,getAssemblyMassProperties,verified cache,True,150,83,67,69,0,0,0
2,903,32746,api_read,getAssemblyShadedViews,verified cache,True,142,124,18,115,0,0,0
2,904,32776,api_read,getAssemblyDefinition,verified cache,True,159,297,-138,76,0,0,0
2,905,32800,api_read,getFeatures,verified cache,True,133,67,66,67,0,0,0
2,906,32835,api_read,getAssemblyShadedViews,verified cache,True,149,128,21,116,0,0,0
2,907,32953,resolve_target,default,unchanged tool,False,203,203,0,55,0,0,0
2,908,32967,search_commands,default,exported discovery,True,587,327,260,15,1,598,48
2,909,32982,document_tree,fresh,verified cache,True,169,187,-18,59,7,16611,392
2,910,32997,element_tree,fresh,verified cache,True,160,206,-46,59,17,38414,901
2,911,33012,api_catalog,search,unchanged tool,False,275,275,0,6,0,0,0
2,912,33028,api_catalog,schema:getWMVEPsMetadata,verified cache,True,775,677,98,10,1,56,54
2,913,33042,api_catalog,search,unchanged tool,False,253,253,0,6,0,0,0
2,914,33056,api_read,getPartStudioBodyDetails,verified cache,True,140,70,70,70,0,0,0
2,915,33077,api_read,getPartStudioBodyDetails,verified cache,True,129,65,64,70,0,0,0
2,916,33098,api_read,getWMVEPsMetadata,verified cache,True,115,53,62,82,0,0,0
2,917,33122,api_catalog,schema:updateWVEPMetadata,verified cache,True,793,710,83,8,1,42,54
2,918,33140,api_read,getPartStudioBodyDetails,verified cache,True,125,62,63,92,0,0,0
2,919,33169,api_read,getAssemblyDefinition,verified cache,True,143,289,-146,76,0,0,0
2,920,33197,api_read,getPartStudioMassProperties,verified cache,True,1375,1310,65,98,0,0,0
2,921,33228,api_catalog,schema:getPartStudioFeatures,verified cache,True,740,642,98,8,1,54,56
2,922,33250,api_read,getPartStudioFeatures,verified cache,True,131,65,66,80,0,0,0
2,923,33274,api_read,getPartStudioFeatures,verified cache,True,128,64,64,79,0,0,0
2,924,33306,api_write,updateWVEPMetadata,error or non-JSON response,False,22,22,0,310,0,0,0
2,925,33345,api_read,getPartStudioMassProperties,verified cache,True,1371,1309,62,98,0,0,0
2,926,33382,native_catalog,default,unchanged tool,False,644,644,0,5,0,0,0
2,927,33396,api_write,updateWVEPMetadata,verified cache,True,219,153,66,131,0,0,0
2,928,33431,api_write,updateWVEPMetadata,error or non-JSON response,False,22,22,0,309,0,0,0
2,929,33472,api_write,updateWVEPMetadata,error or non-JSON response,False,22,22,0,309,0,0,0
2,930,33513,api_read,getPartStudioMassProperties,verified cache,True,1389,1320,69,98,0,0,0
2,931,33542,api_write,updateWVEPMetadata,verified cache,True,244,179,65,287,0,0,0
2,932,33581,api_write,updateWVEPMetadata,verified cache,True,242,177,65,287,0,0,0
2,933,33620,api_read,getAssemblyMassProperties,verified cache,True,141,79,62,69,0,0,0
2,934,33647,api_write,updateWVEPMetadata,verified cache,True,213,150,63,245,0,0,0
2,935,33679,api_write,updateWVEPMetadata,verified cache,True,216,152,64,247,0,0,0
2,936,33711,api_write,updateWVEPMetadata,verified cache,True,219,153,66,247,0,0,0
2,937,33743,api_write,updateWVEPMetadata,verified cache,True,209,148,61,247,0,0,0
2,938,33775,api_write,updateWVEPMetadata,verified cache,True,215,151,64,247,0,0,0
2,939,33807,api_write,updateWVEPMetadata,verified cache,True,209,148,61,247,0,0,0
2,940,33839,api_write,updateWVEPMetadata,verified cache,True,221,154,67,245,0,0,0
2,941,33871,api_read,getPartStudioMassProperties,verified cache,True,1370,1308,62,98,0,0,0
2,942,33946,resolve_target,default,unchanged tool,False,203,203,0,55,0,0,0
2,943,33970,document_tree,fresh,verified cache,True,243,245,-2,59,7,16609,399
2,944,33985,element_tree,fresh,verified cache,True,511,373,138,59,17,38414,884
2,945,34002,api_catalog,schema:updateWVEPMetadata,verified cache,True,793,710,83,8,1,42,54
2,946,34016,api_read,getWMVEPsMetadata,verified cache,True,117,54,63,82,0,0,0
2,947,34040,api_read,getWMVEPsMetadata,verified cache,True,118,55,63,80,0,0,0
2,948,34082,api_catalog,schema:getPartStudioMassProperties,verified cache,True,821,727,94,9,1,52,55
2,949,34096,api_catalog,schema:getAssemblyMassProperties,verified cache,True,628,537,91,8,1,51,52
2,950,34110,api_write,updateWVEPMetadata,verified cache,True,237,175,62,288,0,0,0
2,951,34149,api_write,updateWVEPMetadata,verified cache,True,235,174,61,288,0,0,0
2,952,34188,api_write,updateWVEPMetadata,verified cache,True,257,197,60,327,0,0,0
2,953,34231,api_write,updateWVEPMetadata,verified cache,True,263,200,63,329,0,0,0
2,954,34274,api_read,getPartStudioMassProperties,verified cache,True,1298,1232,66,96,0,0,0
2,955,34303,api_read,getPartStudioMassProperties,verified cache,True,1479,1412,67,100,0,0,0
2,956,34332,api_write,updateWVEPMetadata,verified cache,True,208,147,61,255,0,0,0
2,957,34364,api_write,updateWVEPMetadata,verified cache,True,207,147,60,247,0,0,0
2,958,34396,api_write,updateWVEPMetadata,verified cache,True,210,149,61,243,0,0,0
2,959,34428,api_read,getAssemblyMassProperties,verified cache,True,752,688,64,69,0,0,0
2,960,34449,api_read,getWMVEPsMetadata,verified cache,True,114,53,61,80,0,0,0
2,961,34473,api_read,getWMVEPsMetadata,verified cache,True,127,59,68,82,0,0,0
2,962,34534,resolve_target,default,unchanged tool,False,203,203,0,55,0,0,0
2,963,34548,document_tree,fresh,verified cache,True,173,195,-22,59,7,16612,420
2,964,34563,element_tree,fresh,verified cache,True,164,214,-50,59,17,38492,969
2,965,34578,api_read,getAssemblyMassProperties,verified cache,True,142,78,64,69,0,0,0
2,966,34609,api_read,getWMVEPsMetadata,verified cache,True,113,52,61,82,0,0,0
2,967,34637,api_read,getWMVEPsMetadata,verified cache,True,125,59,66,79,0,0,0
2,968,35013,resolve_target,default,unchanged tool,False,224,224,0,1,0,0,0
2,969,35053,resolve_target,default,unchanged tool,False,203,203,0,55,0,0,0
2,970,35067,document_tree,fresh,verified cache,True,166,181,-15,59,7,16612,371
2,971,35082,element_tree,fresh,verified cache,True,161,208,-47,59,17,38492,918
2,972,35097,search_commands,default,exported discovery,True,510,257,253,18,1,521,52
2,973,35112,api_read,getFeatures,verified cache,True,135,68,67,67,0,0,0
2,974,35135,api_catalog,search,unchanged tool,False,249,249,0,7,0,0,0
2,975,35162,api_catalog,schema:updateFeature,verified cache,True,320,227,93,6,1,54,52
2,976,35178,api_catalog,schema:BTFeatureDefinitionCall-1406,verified cache,True,342,277,65,11,0,0,0
2,977,35192,api_read,getAssemblyDefinition,verified cache,True,157,296,-139,83,0,0,0
2,978,35219,api_read,getAssemblyShadedViews,verified cache,True,136,121,15,115,0,0,0
2,979,35267,api_write,updateFeature,verified cache,True,2053,178,1875,1997,1,1857,58
2,980,35620,api_read,getFeatures,verified cache,True,129,65,64,67,0,0,0
2,981,35643,api_write,updateFeature,verified cache,True,2049,175,1874,2003,1,1864,53
2,982,35996,api_read,getFeatures,verified cache,True,129,65,64,67,0,0,0
2,983,36019,api_write,updateFeature,verified cache,True,2042,174,1868,1998,1,1858,50
2,984,36372,api_read,getFeatures,verified cache,True,137,69,68,67,0,0,0
2,985,36395,api_write,updateFeature,verified cache,True,2056,175,1881,2003,1,1867,54
2,986,36748,api_read,getFeatures,verified cache,True,130,66,64,67,0,0,0
2,987,36771,api_write,updateFeature,verified cache,True,2049,178,1871,2004,1,1858,55
2,988,37124,api_read,getFeatures,verified cache,True,127,64,63,67,0,0,0
2,989,37147,api_write,updateFeature,verified cache,True,2039,173,1866,1999,1,1850,56
2,990,37500,api_read,getFeatures,verified cache,True,129,65,64,67,0,0,0
2,991,37521,api_read,getAssemblyMassProperties,verified cache,True,140,76,64,69,0,0,0
2,992,37542,api_read,getAssemblyDefinition,verified cache,True,155,295,-140,83,0,0,0
2,993,37599,resolve_target,default,unchanged tool,False,208,208,0,57,0,0,0
2,994,37613,document_tree,fresh,verified cache,True,135,2648,-2513,61,7,16553,378
2,995,37628,inspect_model,full,unchanged tool,False,248,248,0,57,0,0,0
2,996,37644,feature_template,specific-type,unchanged tool,False,147,147,0,45,0,0,0
2,997,37667,evaluate,topology,error or non-JSON response,False,25,25,0,67,0,0,0
2,998,37682,evaluate,topology,unchanged tool,False,839,839,0,67,0,0,0
2,999,37705,evaluate,custom,unchanged tool,False,970,970,0,138,0,0,0
2,1000,37723,evaluate,custom,unchanged tool,False,146,146,0,131,0,0,0
2,1001,37739,api_read,getPartStudioFeatures,verified cache,True,123,61,62,80,0,0,0
2,1002,37767,evaluate,measure,unchanged tool,False,309,309,0,67,0,0,0
2,1003,37789,evaluate,custom,unchanged tool,False,351,351,0,129,0,0,0
2,1004,37805,element_tree,fresh,verified cache,True,138,172,-34,61,11,24795,616
2,1005,37828,feature,add,unchanged tool,False,124,124,0,1100,0,0,0
2,1006,38088,inspect_model,full,unchanged tool,False,243,243,0,57,0,0,0
2,1007,38102,evaluate,custom,unchanged tool,False,311,311,0,111,0,0,0
2,1008,38118,api_read,getAssemblyDefinition,verified cache,True,153,294,-141,83,0,0,0
2,1009,38147,feature,edit,unchanged tool,False,131,131,0,91,0,0,0
2,1010,38171,inspect_model,full,unchanged tool,False,254,254,0,57,0,0,0
2,1011,38189,evaluate,custom,unchanged tool,False,181,181,0,139,0,0,0
2,1012,38205,api_read,getAssemblyDefinition,verified cache,True,151,293,-142,83,0,0,0
